templateName,policyData.policyNumber,producerID,State,Plan
X,NP20293613,1212198,NC,Carriage
Remembrance (Rowlett),NP20293648,1214853,TX,Carriage
Traditional Burial Package ,NP20293639,1213815,FL,Carriage
Simple cremation CCFH,NP20293647,1214694,TX,Carriage
X,NP20293633,1216700,TX,Carriage
Simple cremation CCFH,NP20293637,1214694,TX,Carriage
Tranquility,NP20293631,1203410,VA,Carriage
Traditional Funeral Package ,NP20291724,1217278,VA,Carriage
X,NP20293608,1211061,FL,Carriage
X,NP20287314,1214745,LA,Carriage
X,NP20292188,1214745,LA,Carriage
Tranquility Package - Muslim Burial,NP20283925,1210980,CA,Carriage
Full-Service Cremation with Viewing ,NP20293538,1207345,CA,Carriage
Full-Service Cremation with Viewing ,NP20293540,1207345,CA,Carriage
Simple Cremation ,NP20293509,1210466,TX,Carriage
Simple Cremation ,NP20293506,1210466,TX,Carriage
X,NP20293502,1211061,FL,Carriage
X,NP20293500,1211061,FL,Carriage
Serenity (RL),NP20293359,1214853,TX,Carriage
CCFH full preferred burial ,NP20293464,1213514,TX,Carriage
X,NP20293454,1213469,ID,Carriage
X,NP20293452,1213469,ID,Carriage
non-ceremonial cremation w dcs,NP20293363,1214718,FL,Carriage
2025 - B-J Direct Cremation (RI),NP20293415,1207772,RI,Carriage
2025 - B-J Direct Cremation (RI),NP20293410,1207772,RI,Carriage
Serenity HP CORRECT,NP20293372,1212198,NC,Carriage
Remembrance Package SW/Crespo Burial - Shared (1),NP20293366,1208775,TX,Carriage
Direct Cremation (Weddington) New Pricing,NP20293308,1214528,NC,Carriage
Remembrance Package SW/Crespo Burial - Shared (1),NP20293358,1208775,TX,Carriage
X,NP20293350,1018818,CA,Carriage
X,NP20293343,1211506,LA,Carriage
X,NP20293333,1215873,OK,Carriage
Remembrance Service,NP20293266,1207180,NC,Carriage
Remembrance Service,NP20293260,1207180,NC,Carriage
X,NP20293247,1211061,FL,Carriage
Direct Cremation,NP20292515,1214495,FL,Carriage
X,NP20293237,1211061,FL,Carriage
X,NP20292053,1214745,LA,Carriage
X,NP20293170,1217988,VA,Carriage
X,NP20292707,1217160,TX,Carriage
Simplicity SW/Crespo (Direct) Cremation w/ Urn - Shared (1),NP20293158,1208775,TX,Carriage
Simplicity SW/Crespo (Direct) Cremation w/ Urn - Shared (1),NP20293162,1208775,TX,Carriage
Reflection SW/Crespo Cremation w/ Casket - Shared (1),NP20293119,1210981,TX,Carriage
X,NP20292121,1216700,TX,Carriage
X,NP20293096,1217162,TX,Carriage
X,NP20293040,1218010,OK,Carriage
X,NP20293054,1217160,TX,Carriage
HP Simplicity Cremation,NP20293037,1212198,NC,Carriage
X,NP20293056,1207191,NC,Carriage
REMEMBRANCE (1 DAY SERVICE),NP20293057,1056384,CA,Carriage
X,NP20293036,1209489,OK,Carriage
X,NP20293022,1218239,OK,Carriage
Salem DC,NP20293030,1214285,VA,Carriage
X,NP20293009,1209489,OK,Carriage
Lawton Direct Cremation,NP20292994,1209489,OK,Carriage
X,NP20292975,1207191,NC,Carriage
Direct Cremation,NP20292966,1214662,FL,Carriage
Cremation with Memorial Service Package ,NP20292971,1213815,FL,Carriage
Full Service Burial,NP20292965,1206749,IL,Carriage
EW Remembrance Same Day Package ,NP20292908,1216445,VA,Carriage
"S,S,F,H. Reflection Cremation",NP20292368,1210478,TX,Carriage
X,NP20292847,1218217,TN,Carriage
X,NP20292810,1216553,GA,Carriage
X,NP20292801,1216553,GA,Carriage
X,NP20292785,1213815,FL,Carriage
Burial A/Signature,NP20292767,1214495,FL,Carriage
X,NP20292717,1212198,NC,Carriage
X,NP20292711,1212198,NC,Carriage
X,NP20292735,1216553,GA,Carriage
X,NP20292720,1216553,GA,Carriage
Remembrance Package Burial ,NP20292721,1206517,CA,Carriage
Direct Cremation,NP20292684,1203410,VA,Carriage
Direct Cremation,NP20292685,1203410,VA,Carriage
Direct Cremation (RL),NP20292099,1214853,TX,Carriage
Full Casket Burial,NP20291756,1207528,CA,Carriage
Direct Cremation,NP20292557,1217278,VA,Carriage
X,NP20292559,1216553,GA,Carriage
Full-Service Burial Package,NP20292552,1208425,TX,Carriage
Direct Cremation Package ,NP20292556,1213815,FL,Carriage
EW Direct Cremation ,NP20292541,1216445,VA,Carriage
Direct Cremation Package ,NP20292533,1217059,NC,Carriage
Direct Cremation Package ,NP20292522,1217059,NC,Carriage
X,NP20292495,1218010,OK,Carriage
Direct Cremation,NP20292506,1214662,FL,Carriage
Direct Cremation ,NP20292492,1214667,FL,Carriage
REMEMBRANCE (1 DAY SERVICE),NP20292477,1056384,CA,Carriage
REMEMBRANCE (1 DAY SERVICE),NP20292462,1056384,CA,Carriage
X,NP20292449,1209830,CA,Carriage
X,NP20292454,1209830,CA,Carriage
X,NP20292441,1209830,CA,Carriage
X,NP20292432,1207191,NC,Carriage
Direct Cremation Package ,NP20292429,1213815,FL,Carriage
Green Burial Service Package 8/1/2026,NP20292408,1214750,LA,Carriage
X,NP20292394,1218183,OK,Carriage
JS - Direct Cremation,NP20292407,1211506,LA,Carriage
JS - Direct Cremation,NP20292403,1211506,LA,Carriage
X,NP20292351,1215873,OK,Carriage
Family Farewell Cremation,NP20292330,1210466,TX,Carriage
Direct Cremation Package ,NP20292399,1217059,NC,Carriage
Direct Cremation Package ,NP20292393,1217059,NC,Carriage
X,NP20292371,1209489,OK,Carriage
Tranquility  ( Graveside Burial Service),NP20292361,1210981,TX,Carriage
Direct Burial,NP20292370,1218217,TN,Carriage
Direct Burial,NP20292363,1218217,TN,Carriage
X,NP20292350,1210439,TX,Carriage
Remembrance,NP20292182,1215396,TX,Carriage
Remembrance,NP20292104,1214560,FL,Carriage
X,NP20292345,1216553,TN,Carriage
X,NP20292336,1216553,TN,Carriage
Direct Cremation Package ,NP20292324,1213815,FL,Carriage
Direct Cremation,NP20292320,1207180,NC,Carriage
Direct Cremation Package ,NP20292312,1213815,FL,Carriage
Direct Cremation,NP20292310,1203410,VA,Carriage
Direct Cremation (Weddington) New Pricing,NP20292306,1214528,NC,Carriage
X,NP20292305,1211061,FL,Carriage
Serenity at Church,NP20292298,1203410,VA,Carriage
Traditional Cremation Package ,NP20292242,1213815,FL,Carriage
Direct Cremation (RL),NP20292248,1214853,TX,Carriage
Direct Cremation (RL),NP20292245,1214853,TX,Carriage
Contemporary  Funeral Services ,NP20292247,1209830,CA,Carriage
Reflection,NP20292237,1215396,TX,Carriage
GW Remembrance ,NP20292231,1211506,LA,Carriage
Full-Service Casket with Viewing,NP20292178,1207345,CA,Carriage
Full-Service Casket with Viewing,NP20292176,1207345,CA,Carriage
Full-Service Casket with Viewing,NP20292215,1207345,CA,Carriage
Full-Service Casket with Viewing,NP20292211,1207345,CA,Carriage
Direct Cremation,NP20292205,1212311,CA,Carriage
Direct Cremation,NP20292198,1212311,CA,Carriage
X,NP20292190,1216553,GA,Carriage
Direct Cremation ,NP20292129,1214667,FL,Carriage
Direct Cremation ,NP20292123,1214667,FL,Carriage
Direct Cremation,NP20292114,1218217,TN,Carriage
Direct Cremation (Ballantyne) New Pricing,NP20292095,1214528,NC,Carriage
Direct Cremation,NP20292098,1218217,TN,Carriage
Direct Cremation (Ballantyne) New Pricing,NP20292091,1214528,NC,Carriage
Direct Cremation Package ,NP20287466,1213815,FL,Carriage
Serenity HP CORRECT,NP20292086,1212198,NC,Carriage
DIRECT CREMATION NO SERVICES ,NP20292071,1213575,ID,Carriage
DIRECT CREMATION NO SERVICES ,NP20292073,1213575,ID,Carriage
X,NP20292070,1211061,FL,Carriage
Direct Cremation,NP20292055,1207180,NC,Carriage
X,NP20292050,1207191,NC,Carriage
Direct Cremation,NP20287045,1207180,NC,Carriage
Farewell Package ,NP20292038,1217059,NC,Carriage
Fairwell package,NP20292035,1207180,NC,Carriage
Farewell Package ,NP20292033,1217059,NC,Carriage
X,NP20292018,1214285,VA,Carriage
X,NP20292014,1211061,FL,Carriage
X,NP20292013,1211061,FL,Carriage
Direct Burial,NP20292011,1218217,TN,Carriage
X,NP20291989,1217988,VA,Carriage
Tranquility Package,NP20291965,1210980,CA,Carriage
Tranquility Package,NP20291968,1210980,CA,Carriage
Tranquility,NP20291927,1215396,TX,Carriage
Remembrance Package Burial ,NP20291960,1206517,CA,Carriage
Remembrance Package Burial ,NP20291956,1206517,CA,Carriage
X,NP20289838,1217762,FL,Carriage
Basic - Shared (1),NP20291901,1208188,CA,Carriage
X,NP20291858,1210290,NC,Carriage
X,NP20291856,1210290,NC,Carriage
Direct burial ,NP20291857,1213172,CA,Carriage
X,NP20291852,1216553,GA,Carriage
X,NP20291847,1216553,GA,Carriage
Simplicity Package ,NP20291844,1217059,NC,Carriage
Simplicity Package ,NP20291841,1217059,NC,Carriage
Simplicity Package ,NP20291835,1217059,NC,Carriage
JS - Direct Cremation,NP20291827,1211506,LA,Carriage
Direct Cremation (Minimum),NP20291823,1214662,FL,Carriage
JS - Direct Cremation,NP20291822,1211506,LA,Carriage
X,NP20291812,1207191,NC,Carriage
X,NP20291811,1214285,VA,Carriage
X,NP20291808,1214285,VA,Carriage
Signature Package SW/Crespo Burial - Shared (1),NP20291803,1207742,TX,Carriage
Full Casket Burial,NP20291799,1207528,CA,Carriage
EW Remembrance Same Day Package ,NP20287501,1216445,VA,Carriage
Direct Cremation,NP20291796,1203410,VA,Carriage
X,NP20289038,1216445,VA,Carriage
X,NP20291617,1214745,LA,Carriage
X,NP20291762,1207772,RI,Carriage
JS - Full Cremation ,NP20291753,1211506,LA,Carriage
Conrad and Thompson Direct Cremation ,NP20290230,1217762,FL,Carriage
Conrad and Thompson Direct Cremation ,NP20291695,1217762,FL,Carriage
Farewell Cremation Package ,NP20291733,1214751,LA,Carriage
X,NP20291707,1216553,GA,Carriage
Non-Ceremonial Cremation,NP20291699,1214703,FL,Carriage
Direct Cremation,NP20291698,1203410,VA,Carriage
X,NP20291687,1217219,MA,Carriage
Direct Cremation (Indian Trail) New Pricing,NP20291685,1214528,NC,Carriage
Direct Cremation (Indian Trail) New Pricing,NP20291684,1214528,NC,Carriage
X,NP20291680,1207191,NC,Carriage
Remembrance,NP20291676,1203410,VA,Carriage
HP Simplicity Cremation,NP20291672,1212198,NC,Carriage
X,NP20291367,1208346,IL,Carriage
X,NP20290723,1214745,LA,Carriage
X,NP20291387,1208346,IL,Carriage
X,NP20291291,1218010,OK,Carriage
Basic,NP20291612,1208187,CA,Carriage
X,NP20291519,1214663,FL,Carriage
X,NP20291533,1214663,FL,Carriage
X,NP20291536,1217536,FL,Carriage
GW Serenity Cremation,NP20291529,1211506,LA,Carriage
Direct Cremation Package ,NP20291520,1217059,NC,Carriage
GW Serenity Cremation,NP20291512,1211506,LA,Carriage
Direct Cremation,NP20291515,1203410,VA,Carriage
Direct Cremation Package ,NP20291478,1217059,NC,Carriage
SSFH Serenity Memorial Cremation Package,NP20291423,1210997,TX,Carriage
Direct Cremation Package ,NP20291473,1217059,NC,Carriage
Direct Cremation - 2DC 1P - 8/2026,NP20291458,1208289,CA,Carriage
Direct Cremation - 2DC 1P - 8/2026,NP20291459,1208289,CA,Carriage
Signature Package,NP20291450,1214709,FL,Carriage
Signature Package,NP20291446,1214709,FL,Carriage
Salem DC,NP20291398,1214285,VA,Carriage
Direct Cremation (Indian Trail) New Pricing,NP20291383,1214528,NC,Carriage
Signature,NP20291342,1215396,TX,Carriage
Traditional Burial,NP20291331,1215475,FL,Carriage
X,NP20291261,1203410,VA,Carriage
X,NP20291228,1214699,TX,Carriage
X,NP20291232,1214699,TX,Carriage
X,NP20291238,1218239,OK,Carriage
X,NP20291247,1214663,FL,Carriage
X,NP20291201,1214729,TX,Carriage
X,NP20285169,1214729,TX,Carriage
Simplicity,NP20291219,1215396,TX,Carriage
Serenity at Church,NP20291223,1203410,VA,Carriage
Serenity at Church,NP20291222,1203410,VA,Carriage
X,NP20291226,1216553,GA,Carriage
X,NP20291216,1216553,GA,Carriage
Remembrance Package ,NP20291200,1217059,NC,Carriage
Remembrance Package ,NP20291191,1217059,NC,Carriage
Simplicity,NP20291166,1215396,TX,Carriage
X,NP20291183,1063864,CA,Carriage
Direct Cremation,NP20291176,1215092,FL,Carriage
Direct Cremation,NP20291153,1215092,FL,Carriage
Salem DC,NP20291169,1214285,VA,Carriage
Direct Cremation,NP20291151,1215475,FL,Carriage
X,NP20291163,1209489,OK,Carriage
Simplicity,NP20291158,1215396,TX,Carriage
X,NP20291152,1209489,OK,Carriage
X,NP20291154,1211061,FL,Carriage
X,NP20291143,1211061,FL,Carriage
X,NP20291116,1211061,FL,Carriage
X,NP20291103,1214285,VA,Carriage
X,NP20290514,1216700,TX,Carriage
X,NP20290507,1216700,TX,Carriage
Basic Cremation,NP20290264,1215396,TX,Carriage
X,NP20291090,1216553,GA,Carriage
X,NP20291086,1216553,GA,Carriage
Jewish Burial,NP20290998,1210980,CA,Carriage
X,NP20291066,1210619,CA,Carriage
Direct Cremation (Weddington) New Pricing,NP20291044,1214528,NC,Carriage
Serenity at Funeral Home,NP20291031,1203410,VA,Carriage
Direct Cremation,NP20291026,1212311,CA,Carriage
Direct Cremation,NP20291021,1212311,CA,Carriage
Jewish Burial,NP20290977,1210980,CA,Carriage
Serenity Pkg,NP20290954,1207180,NC,Carriage
Remembrance (Weddington) New Pricing,NP20290917,1214528,NC,Carriage
Remembrance (Weddington) New Pricing,NP20290919,1214528,NC,Carriage
CCFH Farewell (direct cremation),NP20290906,1213514,TX,Carriage
X,NP20290791,1215178,TX,Carriage
X,NP20285930,1210619,CA,Carriage
CCFH Tranquility (graveside),NP20290859,1213514,TX,Carriage
X,NP20290851,1214663,FL,Carriage
X,NP20290831,1214663,FL,Carriage
X,NP20290829,1216553,TN,Carriage
Salem DC,NP20290786,1214285,VA,Carriage
Direct Cremation,NP20290768,1207180,NC,Carriage
non-ceremonial cremation w dcs,NP20289219,1214718,FL,Carriage
Direct Cremation,NP20290731,1210981,TX,Carriage
Direct Cremation,NP20284121,1210981,TX,Carriage
CCFH full service Cremation,NP20290715,1213514,TX,Carriage
X,NP20290678,1210964,MA,Carriage
X,NP20290654,1208289,CA,Carriage
Traditional Services,NP20290650,1207180,NC,Carriage
X,NP20290641,1210619,CA,Carriage
X,NP20290629,1063864,CA,Carriage
X,NP20290612,1218217,TN,Carriage
X,NP20290592,1018818,CA,Carriage
Remembrance Package,NP20290598,1214709,FL,Carriage
Direct Cremation,NP20290600,1215092,FL,Carriage
X,NP20290595,1018818,CA,Carriage
X,NP20290569,1216553,GA,Carriage
Direct Cremation,NP20290559,1212311,CA,Carriage
X,NP20290556,1216445,VA,Carriage
2025 -B-J Fond Farewell Same Day Package,NP20290547,1207772,RI,Carriage
DIRECT CREM CREMATION,NP20290550,1217403,FL,Carriage
DIRECT CREM CREMATION,NP20290539,1217403,FL,Carriage
X,NP20290533,1216553,GA,Carriage
Direct Cremation,NP20288844,1215475,FL,Carriage
Traditional Cremation Package ,NP20286188,1213815,FL,Carriage
X,NP20290501,1214285,VA,Carriage
Traditional Funeral Package ,NP20290029,1217278,VA,Carriage
REMEMBRANCE BURIAL,NP20288254,1214745,LA,Carriage
X,NP20290444,1215873,OK,Carriage
Full-Service Cremation with Viewing ,NP20290455,1207345,CA,Carriage
X,NP20290451,1217988,VA,Carriage
X,NP20290431,1213469,ID,Carriage
X,NP20290430,1213469,ID,Carriage
Cremation with Memorial Service Package ,NP20290418,1213815,FL,Carriage
Cremation with Memorial Service Package ,NP20290410,1213815,FL,Carriage
Direct Cremation (RL),NP20290401,1214853,TX,Carriage
X,NP20290405,1213469,ID,Carriage
Traditional Cremation Package,NP20290408,1217278,VA,Carriage
Traditional Cremation Package,NP20290403,1217278,VA,Carriage
Direct Cremation,NP20290398,1214495,FL,Carriage
Direct Cremation,NP20290396,1214495,FL,Carriage
Direct Cremation,NP20290395,1214495,FL,Carriage
Direct Cremation,NP20290352,1214014,CA,Carriage
X,NP20290382,1063864,CA,Carriage
X,NP20290377,1216875,NM,Carriage
Direct Burial (RL),NP20290272,1214853,TX,Carriage
Direct Burial (RL),NP20287587,1214853,TX,Carriage
X,NP20290335,1215873,OK,Carriage
X,NP20290332,1056384,CA,Carriage
X,NP20290328,1056384,CA,Carriage
GW - Direct Cremation,NP20290320,1211506,LA,Carriage
Simplicity Cremation,NP20290301,1214709,FL,Carriage
Simplicity Cremation,NP20290288,1214709,FL,Carriage
X,NP20290261,1217845,FL,Carriage
Direct Cremation,NP20290170,1217278,VA,Carriage
Cremation B/Serenity,NP20290198,1214495,FL,Carriage
Cremation B/Serenity,NP20290195,1214495,FL,Carriage
Simplicity (Direct Cremation),NP20290257,1214712,FL,Carriage
Basic,NP20290238,1208187,CA,Carriage
X,NP20290248,1018818,CA,Carriage
Simplicity Cremation,NP20290246,1214709,FL,Carriage
Signature Package,NP20290049,1214709,FL,Carriage
Signature Package,NP20290059,1214709,FL,Carriage
X,NP20290222,1217762,FL,Carriage
Direct Cremation,NP20290215,1214641,FL,Carriage
Direct Cremation,NP20290214,1207180,NC,Carriage
Direct Cremation,NP20290211,1207180,NC,Carriage
Direct Cremation,NP20290204,1214641,FL,Carriage
X,NP20290199,1217762,FL,Carriage
X,NP20290173,1217988,VA,Carriage
Graveside Only/Tranquility,NP20290158,1214495,FL,Carriage
SSFH Signature 2-Day Full Service Burial Package,NP20290151,1210997,TX,Carriage
X,NP20289869,1203410,VA,Carriage
Signature Package Burial,NP20289923,1212311,CA,Carriage
Full Service Burial,NP20290093,1206749,IL,Carriage
2025 - B-J Direct Cremation (RI),NP20289849,1207772,RI,Carriage
X,NP20289936,1204689,CA,Carriage
Direct Cremation,NP20289555,1212311,CA,Carriage
X,NP20289945,1217988,VA,Carriage
Signature Package Burial,NP20289957,1212311,CA,Carriage
Direct Cremation Package ,NP20289919,1213815,FL,Carriage
Reflection,NP20289906,1203410,VA,Carriage
2025 - B-J Direct Cremation (RI),NP20289887,1207772,RI,Carriage
Serenity Cremation Package - May 2026,NP20289883,1214750,LA,Carriage
Serenity Cremation Package - May 2026,NP20289873,1214750,LA,Carriage
Salem DC,NP20289876,1214285,VA,Carriage
2025 - B-J Lasting Memories 2Day Burial Package,NP20289879,1207772,RI,Carriage
X,NP20289861,1215873,OK,Carriage
X,NP20289851,1207191,NC,Carriage
Basic Funeral Service,NP20289830,1209221,CA,Carriage
Basic Funeral Service,NP20289827,1209221,CA,Carriage
X,NP20289800,1207191,NC,Carriage
HP Reflection (Full Svc Cremation),NP20289794,1212198,NC,Carriage
Simplicity Pkg,NP20289788,1207180,NC,Carriage
Simplicity Pkg,NP20289784,1207180,NC,Carriage
Signature,NP20282786,1210556,CA,Carriage
CCFH full service burial with c-box,NP20289712,1214282,TX,Carriage
CCFH full service burial with c-box,NP20289719,1214282,TX,Carriage
Direct Cremation Package ,NP20289710,1213815,FL,Carriage
Conrad and Thompson Direct Cremation ,NP20289709,1217762,FL,Carriage
X,NP20289701,1218217,TN,Carriage
X,NP20289693,1210619,CA,Carriage
Conrad and Thompson Direct Cremation ,NP20289703,1217762,FL,Carriage
HP Simplicity Cremation,NP20289663,1212198,NC,Carriage
HP Simplicity Cremation,NP20289660,1212198,NC,Carriage
X,NP20289657,1211061,FL,Carriage
X,NP20289647,1214799,FL,Carriage
Direct Cremation,NP20289343,1212311,CA,Carriage
Remembrance Package Burial,NP20289536,1212311,CA,Carriage
Remembrance Package Burial,NP20289531,1212311,CA,Carriage
Cremation with Memorial Service Package ,NP20289521,1213815,FL,Carriage
Cremation with Memorial Service Package ,NP20289504,1213815,FL,Carriage
REFLECTION (TRADITIONAL CREMATION) ,NP20289506,1056384,CA,Carriage
GW - Direct Cremation,NP20289471,1211506,LA,Carriage
X,NP20289333,1216553,TN,Carriage
X,NP20289396,1216553,GA,Carriage
Rememberance Package,NP20289454,1214747,LA,Carriage
Full Service Burial - 1 Day ,NP20289443,1212883,CA,Carriage
Traditional Services,NP20289463,1207180,NC,Carriage
Remembrance Package ,NP20288887,1214751,LA,Carriage
Remembrance Package ,NP20288879,1214751,LA,Carriage
X,NP20289453,1216875,NM,Carriage
X,NP20289449,1216875,NM,Carriage
Direct Cremation,NP20289304,1215092,FL,Carriage
Remembrance Service,NP20289371,1207180,NC,Carriage
Remembrance Service,NP20289366,1207180,NC,Carriage
non-ceremonial cremation w dcs,NP20289337,1214718,FL,Carriage
Simplicity Cremation,NP20289335,1214709,FL,Carriage
Simplicity Cremation,NP20289330,1214709,FL,Carriage
Direct Cremation ,NP20289323,1214751,LA,Carriage
Sterling FH Dayton/Annahuac Trad Funeral No casket/OBC - Shared (1),NP20289311,1208775,TX,Carriage
Sterling FH Dayton/Annahuac Trad Funeral No casket/OBC - Shared (1),NP20289313,1208775,TX,Carriage
X,NP20289312,1211061,FL,Carriage
Service of remembrance ,NP20289306,1214492,FL,Carriage
Direct Cremation,NP20289298,1214662,FL,Carriage
Remembrance,NP20289296,1203410,VA,Carriage
Remembrance,NP20289297,1203410,VA,Carriage
X,NP20289039,1216445,VA,Carriage
Direct Cremation ,NP20288941,1214667,FL,Carriage
Direct Cremation ,NP20288942,1214667,FL,Carriage
SS Remembrance 1 Day,NP20289250,1211320,TX,Carriage
Signature Burial Package,NP20285006,1215475,FL,Carriage
"Direct Cremation - May 1, 2026",NP20289240,1214750,LA,Carriage
"Direct Cremation - May 1, 2026",NP20289225,1214750,LA,Carriage
Direct Cremation,NP20289068,1203410,VA,Carriage
Solace Offerings (RL),NP20289210,1214853,TX,Carriage
DIRECT CREMATION,NP20289211,1056384,CA,Carriage
Solace Offerings (RL),NP20289214,1214853,TX,Carriage
Salem DC,NP20289188,1214285,VA,Carriage
Salem DC,NP20289179,1214285,VA,Carriage
HP Direct Cremation,NP20286177,1212198,NC,Carriage
X,NP20289173,1211061,FL,Carriage
X,NP20289172,1213469,ID,Carriage
X,NP20289169,1211061,FL,Carriage
X,NP20289162,1213469,ID,Carriage
X,NP20289137,1214799,FL,Carriage
Remembrance Burial HP,NP20289054,1212198,NC,Carriage
Direct Cremation,NP20289124,1203410,VA,Carriage
Direct Cremation,NP20286916,1207528,CA,Carriage
X,NP20289083,1216553,GA,Carriage
Salem DC,NP20289075,1214285,VA,Carriage
CCFH Burial Package,NP20289066,1208303,TX,Carriage
X,NP20289057,1216553,GA,Carriage
Serenity at Church,NP20289044,1203410,VA,Carriage
Serenity at Church,NP20289043,1203410,VA,Carriage
X,NP20288428,1213720,WI,Carriage
Contemporary Funeral Services,NP20289011,1209221,CA,Carriage
Traditional Funeral Package ,NP20289004,1217278,VA,Carriage
X,NP20288986,1213469,ID,Carriage
X,NP20288984,1213469,ID,Carriage
X,NP20288989,1018818,CA,Carriage
Serinity Cremation Rockwall,NP20287852,1214699,TX,Carriage
Serinity Cremation Rockwall,NP20287842,1214699,TX,Carriage
X,NP20288968,1211061,FL,Carriage
X,NP20288499,1216553,GA,Carriage
CCFH (direct cremation),NP20288950,1213514,TX,Carriage
X,NP20288954,1208188,CA,Carriage
X,NP20288946,1213469,ID,Carriage
X,NP20288945,1213469,ID,Carriage
X,NP20288943,1210619,CA,Carriage
X,NP20288934,1213469,ID,Carriage
X,NP20288932,1213469,ID,Carriage
X,NP20288938,1214492,FL,Carriage
X,NP20288922,1210619,CA,Carriage
X,NP20288924,1210619,CA,Carriage
Tranquility Graveside Burial HP,NP20288911,1212198,NC,Carriage
Tranquility Graveside Burial HP,NP20288908,1212198,NC,Carriage
Direct Cremation SW-NE ,NP20288906,1206077,CA,Carriage
X,NP20288905,1214717,FL,Carriage
REMEMBRANCE BURIAL,NP20288137,1214745,LA,Carriage
AD Simplicity Cremation,NP20288867,1212198,NC,Carriage
Cremation With Memorial Service,NP20288881,1215475,FL,Carriage
AD Simplicity Cremation,NP20288866,1212198,NC,Carriage
X,NP20288873,1217939,FL,Carriage
X,NP20288860,1217939,FL,Carriage
Direct Cremation,NP20288852,1217278,VA,Carriage
Remembrance Package,NP20288855,1214712,FL,Carriage
Islamic Burial Plan,NP20288627,1207345,CA,Carriage
Islamic Burial Plan,NP20288629,1207345,CA,Carriage
Signature Package SW/Crespo Burial - Shared (1),NP20287600,1217280,TX,Carriage
Direct Cremation July 2026,NP20288611,1218183,OK,Carriage
X,NP20288819,1018818,CA,Carriage
X,NP20288818,1211061,FL,Carriage
Tranquility Package,NP20285176,1214747,LA,Carriage
X,NP20288795,1217477,TN,Carriage
Direct Cremation,NP20288807,1212311,CA,Carriage
Direct Cremation,NP20288790,1217278,VA,Carriage
X,NP20288787,1210619,CA,Carriage
Conrad and Thompson Direct Cremation ,NP20281184,1217762,FL,Carriage
X,NP20288754,1217988,VA,Carriage
Full Service Burial,NP20288653,1206749,IL,Carriage
Seaside FH Serenity,NP20288070,1213514,TX,Carriage
Seaside FH Tranquility,NP20288073,1214694,TX,Carriage
Full Service Burial,NP20288645,1206749,IL,Carriage
Signature Burial Package,NP20288729,1215475,FL,Carriage
X,NP20288741,1216875,NM,Carriage
X,NP20288739,1216553,GA,Carriage
X,NP20288721,1216553,GA,Carriage
Burial A/Signature,NP20288691,1214495,FL,Carriage
Burial A/Signature,NP20288695,1214495,FL,Carriage
Farewell Cremation Package 5/1/2026,NP20288286,1214750,LA,Carriage
Farewell Cremation Package 5/1/2026,NP20288288,1214750,LA,Carriage
X,NP20288674,1217477,TN,Carriage
X,NP20288665,1214285,VA,Carriage
Serenity at Church,NP20288661,1203410,VA,Carriage
Serenity at Church,NP20288659,1203410,VA,Carriage
CCFH (direct cremation),NP20288644,1213514,TX,Carriage
CCFH (direct cremation),NP20288643,1213514,TX,Carriage
X,NP20288588,1207347,CA,Carriage
X,NP20288620,1018818,CA,Carriage
X,NP20288604,1211506,LA,Carriage
Diane Christine Delia,NP20288597,1217494,CA,Carriage
Contemporary  Funeral Services ,NP20288569,1209830,CA,Carriage
X,NP20288570,1217988,VA,Carriage
SW-NE Cremation - Serenity - Visitation after Cremated ,NP20288510,1206077,CA,Carriage
SW-NE Cremation - Serenity - Visitation after Cremated ,NP20288512,1206077,CA,Carriage
X,NP20288452,1207347,CA,Carriage
2025 - B-J Direct Cremation (RI),NP20288226,1207772,RI,Carriage
Remembrance (Rowlett),NP20288166,1214853,TX,Carriage
X,NP20288451,1207191,NC,Carriage
X,NP20288437,1207191,NC,Carriage
Serenity HP CORRECT,NP20288427,1212198,NC,Carriage
SERENITY CREMATION,NP20288425,1217403,FL,Carriage
Salem DC,NP20288386,1214285,VA,Carriage
Basic Cremation,NP20287078,1215396,TX,Carriage
Remembrance Service,NP20288380,1207180,NC,Carriage
Remembrance Service,NP20288374,1207180,NC,Carriage
X,NP20286319,1214745,LA,Carriage
X,NP20288158,1217477,TN,Carriage
X,NP20288163,1213469,ID,Carriage
FULL SERVICE CREMATION,NP20288336,1208187,CA,Carriage
FULL SERVICE CREMATION,NP20288335,1208187,CA,Carriage
X,NP20288315,1063864,CA,Carriage
X,NP20288195,1208289,CA,Carriage
X,NP20288279,1212816,VA,Carriage
X,NP20288267,1214189,CA,Carriage
Direct Cremation,NP20288116,1212311,CA,Carriage
SSFH Tranquility Burial Plan,NP20288224,1215822,TX,Carriage
JS - Full Cremation ,NP20288251,1211506,LA,Carriage
X,NP20288250,1207191,NC,Carriage
Direct Cremation Package ,NP20288249,1217059,NC,Carriage
X,NP20288242,1216553,GA,Carriage
Direct Cremation Package ,NP20288241,1217059,NC,Carriage
X,NP20288227,1214285,VA,Carriage
X,NP20288234,1216553,GA,Carriage
Solace (Indian Trail) New Pricing,NP20288219,1214528,NC,Carriage
Solace (Indian Trail) New Pricing,NP20288220,1214528,NC,Carriage
X,NP20287593,1213469,ID,Carriage
X,NP20288214,1207191,NC,Carriage
X,NP20288205,1214285,VA,Carriage
Remembrance (Rowlett),NP20288179,1214853,TX,Carriage
Contemporary Funeral - Main Chapel,NP20288201,1217846,CA,Carriage
X,NP20288204,1207191,NC,Carriage
SSFH Tranquility Burial Plan,NP20288176,1215822,TX,Carriage
Direct Cremation,NP20288120,1208289,CA,Carriage
X,NP20288153,1217219,MA,Carriage
Signature Package Burial,NP20288165,1212311,CA,Carriage
Poole Solace Option,NP20288131,1210290,NC,Carriage
Poole Solace Option,NP20288130,1210290,NC,Carriage
Tranquility Package Burial ,NP20288156,1212311,CA,Carriage
Direct Cremation Package ,NP20288150,1217059,NC,Carriage
Direct Cremation Package ,NP20288144,1217059,NC,Carriage
Direct Cremation (Minimum),NP20288124,1214662,FL,Carriage
X,NP20288108,1216553,GA,Carriage
Reflection Cremation Package,NP20288009,1214853,TX,Carriage
Reflection Cremation Package,NP20288017,1214853,TX,Carriage
Serenity Pkg,NP20288079,1207180,NC,Carriage
Serenity Pkg,NP20288075,1207180,NC,Carriage
Direct Cremation Package ,NP20288058,1217059,NC,Carriage
Direct Cremation,NP20287675,1217477,TN,Carriage
Immediate burial,NP20287245,1213720,WI,Carriage
Contemporary  Funeral Services ,NP20287995,1209830,CA,Carriage
Contemporary  Funeral Services ,NP20287993,1209830,CA,Carriage
X,NP20287903,1208289,CA,Carriage
Serenity at Funeral Home,NP20287940,1203410,VA,Carriage
Serenity at Funeral Home,NP20287943,1203410,VA,Carriage
X,NP20287900,1206930,CA,Carriage
Signature,NP20287884,1203410,VA,Carriage
Direct Cremation,NP20287913,1212311,CA,Carriage
Signature,NP20287887,1203410,VA,Carriage
X,NP20287917,1063864,CA,Carriage
SIGNATURE (2 DAY SERVICE),NP20287886,1056384,CA,Carriage
SIGNATURE (2 DAY SERVICE),NP20287888,1056384,CA,Carriage
Rememberance Package,NP20287835,1214747,LA,Carriage
Direct Cremation (Weddington) New Pricing,NP20287861,1214528,NC,Carriage
Poole Direct Cremation,NP20287832,1210290,NC,Carriage
X,NP20287843,1211061,FL,Carriage
Itemized Burial SW/Crespo  - Shared (1),NP20287807,1210981,TX,Carriage
Direct Cremation,NP20287770,1211486,CA,Carriage
Direct Cremation Package ,NP20287791,1217059,NC,Carriage
Direct Cremation,NP20287766,1211486,CA,Carriage
X,NP20287785,1216553,TN,Carriage
Direct Cremation Package ,NP20287783,1217059,NC,Carriage
X,NP20287784,1217988,VA,Carriage
X,NP20287779,1216553,TN,Carriage
X,NP20287771,1063864,CA,Carriage
X,NP20287753,1218010,OK,Carriage
X,NP20287757,1217845,FL,Carriage
X,NP20287765,1063864,CA,Carriage
Cremation With Memorial Service,NP20287751,1215475,FL,Carriage
X,NP20287762,1211061,FL,Carriage
EW Direct Cremation ,NP20287741,1216445,VA,Carriage
X,NP20287754,1217988,VA,Carriage
Remembrance Package ,NP20287524,1214751,LA,Carriage
Remembrance Package ,NP20287493,1214751,LA,Carriage
Remembrance Package ,NP20287551,1214751,LA,Carriage
Forwarding of Remains to another Funeral Home,NP20287722,1213815,FL,Carriage
X,NP20287723,1216553,TN,Carriage
Serenity (Indian Trail) New Pricing,NP20287709,1214528,NC,Carriage
Serenity (Indian Trail) New Pricing,NP20287708,1214528,NC,Carriage
X,NP20287692,1214663,FL,Carriage
X,NP20287697,1216553,TN,Carriage
X,NP20286143,1207191,NC,Carriage
X,NP20287698,1214663,FL,Carriage
X,NP20287670,1216553,TN,Carriage
X,NP20287435,1214729,TX,Carriage
Islamic 8995  3/27/2026,NP20283467,1207347,CA,Carriage
Remembrance Package,NP20287604,1214709,FL,Carriage
Reflection (Cremation),NP20287599,1214712,FL,Carriage
Signature burial package,NP20287573,1210477,CA,Carriage
Simplicity Cremation  (Graveside Service with Cremated Remains) ,NP20287570,1215773,CA,Carriage
Islamic 8995  3/27/2026,NP20283472,1207347,CA,Carriage
Remembrance Burial Package,NP20287541,1213575,ID,Carriage
X,NP20287543,1210619,CA,Carriage
Salem DC,NP20287520,1214285,VA,Carriage
CCFH (direct cremation),NP20287481,1213514,TX,Carriage
X,NP20287448,1217845,FL,Carriage
Tranquility Burial Package 3,NP20287424,1213575,ID,Carriage
X,NP20287449,1213469,ID,Carriage
X,NP20287421,1218010,OK,Carriage
Remembrance Package ,NP20287400,1214751,LA,Carriage
GW - Direct Cremation,NP20287411,1211506,LA,Carriage
Remembrance Package ,NP20287410,1214751,LA,Carriage
Signature Package SW/Crespo Burial - Shared (1),NP20287407,1217280,TX,Carriage
Remembrance Service,NP20287409,1207180,NC,Carriage
X,NP20287404,1207191,NC,Carriage
X,NP20287392,1207191,NC,Carriage
X,NP20287379,1214285,VA,Carriage
Solace Package ,NP20287376,1217059,NC,Carriage
Solace Package ,NP20287373,1217059,NC,Carriage
X,NP20287366,1211061,FL,Carriage
X,NP20287364,1211061,FL,Carriage
X,NP20287354,1211061,FL,Carriage
Serenity at Church,NP20287359,1203410,VA,Carriage
Basic Cremation,NP20286745,1215396,TX,Carriage
Tranquility Package Burial,NP20287320,1206517,CA,Carriage
CCFH (direct cremation),NP20287312,1213514,TX,Carriage
X,NP20286978,1217162,TX,Carriage
X,NP20286980,1217162,TX,Carriage
X,NP20287199,1214729,TX,Carriage
X,NP20287202,1214729,TX,Carriage
CCFH (direct cremation),NP20287311,1213514,TX,Carriage
CCFH Preferred,NP20287299,1214694,TX,Carriage
Basic Cremation,NP20287288,1209221,CA,Carriage
Traditional Burial,NP20287286,1215475,FL,Carriage
X,NP20287283,1018818,CA,Carriage
Traditional Burial,NP20287275,1215475,FL,Carriage
REMEMBRANCE (1 DAY SERVICE),NP20287274,1056384,CA,Carriage
Conrad and Thompson Direct Cremation ,NP20287260,1217762,FL,Carriage
SIGNATURE (2 DAY SERVICE),NP20287254,1056384,CA,Carriage
Conrad and Thompson Direct Cremation ,NP20287252,1217762,FL,Carriage
X,NP20287237,1215873,OK,Carriage
X,NP20287241,1216553,GA,Carriage
X,NP20287228,1216553,GA,Carriage
Poole Remembrance Burial Sameday,NP20287220,1210290,NC,Carriage
X,NP20287219,1217988,VA,Carriage
Poole Direct Cremation,NP20287166,1210290,NC,Carriage
REMEMBRANCE (1 DAY SERVICE),NP20287182,1056384,CA,Carriage
X,NP20287181,1210964,MA,Carriage
Poole Solace Option,NP20287122,1210290,NC,Carriage
X,NP20287129,1216727,OK,Carriage
X,NP20287123,1216727,OK,Carriage
Traditional Cremation Package,NP20287059,1217278,VA,Carriage
Non-Ceremonial Cremation Offerings/Simplicity Cremation Package 5,NP20287121,1213575,ID,Carriage
Non-Ceremonial Cremation Offerings/Simplicity Cremation Package 5,NP20285950,1213575,ID,Carriage
X,NP20287090,1214492,FL,Carriage
X,NP20287088,1217845,FL,Carriage
Direct Cremation,NP20286860,1203410,VA,Carriage
Salem DC,NP20287075,1214285,VA,Carriage
Remembrance (Indian Trail) New Pricing,NP20287070,1214528,NC,Carriage
Remembrance (Indian Trail) New Pricing,NP20287068,1214528,NC,Carriage
X,NP20287054,1207191,NC,Carriage
X,NP20287014,1214164,CA,Carriage
Traditional Burial,NP20287003,1215475,FL,Carriage
Seaside FH Simplicity,NP20286888,1214694,TX,Carriage
Traditional Burial,NP20286981,1215475,FL,Carriage
Full Service Burial,NP20286944,1206749,IL,Carriage
X,NP20286136,1207191,NC,Carriage
Simplicity,NP20286895,1214641,FL,Carriage
X,NP20286892,1214662,FL,Carriage
Solace Cremation Package,NP20286887,1212311,CA,Carriage
Direct cremation Baird,NP20286884,1203141,FL,Carriage
Solace Cremation Package,NP20286876,1212311,CA,Carriage
X,NP20286862,1214662,FL,Carriage
X,NP20286852,1217988,VA,Carriage
X,NP20286833,1211061,FL,Carriage
X,NP20286828,1056384,CA,Carriage
X,NP20286818,1217988,VA,Carriage
X,NP20286820,1217988,VA,Carriage
X,NP20286825,1056384,CA,Carriage
X,NP20286823,1056384,CA,Carriage
Salem DC,NP20286793,1214285,VA,Carriage
Salem DC,NP20286786,1214285,VA,Carriage
Rememberance Package,NP20286767,1214747,LA,Carriage
X,NP20286701,1208346,IL,Carriage
X,NP20286723,1214663,FL,Carriage
Traditional Funeral Package ,NP20286719,1217278,VA,Carriage
X,NP20286721,1216553,TN,Carriage
Traditional Burial Package ,NP20285420,1213815,FL,Carriage
Direct Cremation,NP20286698,1207180,NC,Carriage
Direct Cremation ,NP20286657,1210477,CA,Carriage
Simplicity Cremation,NP20286646,1214709,FL,Carriage
X,NP20286602,1207347,CA,Carriage
Poole Direct Cremation,NP20286606,1210290,NC,Carriage
X,NP20286630,1216553,GA,Carriage
Serenity Memorial Service,NP20286618,1214709,FL,Carriage
X,NP20286609,1209489,OK,Carriage
X,NP20286603,1211506,LA,Carriage
Direct Cremation,NP20285987,1214560,FL,Carriage
CCFH - Direct Cremation,NP20286592,1208303,TX,Carriage
CCFH - Direct Cremation,NP20286584,1208303,TX,Carriage
Direct Cremation,NP20286578,1203410,VA,Carriage
Direct cremation Baird,NP20286576,1203141,FL,Carriage
X,NP20286504,1211061,FL,Carriage
CCFH - Direct Cremation,NP20286496,1208303,TX,Carriage
Direct Cremation,NP20286495,1215475,FL,Carriage
Direct Cremation Package ,NP20286491,1217059,NC,Carriage
Direct Cremation,NP20286488,1214495,FL,Carriage
CCFH Burial Plan w / Bradford,NP20286465,1208303,TX,Carriage
Direct Cremation Package ,NP20286481,1217059,NC,Carriage
Direct Cremation,NP20286467,1215475,FL,Carriage
X,NP20286460,1207191,NC,Carriage
EW Direct Cremation ,NP20286456,1216445,VA,Carriage
Direction Cremation,NP20276923,1206749,IL,Carriage
Traditional Burial Package ,NP20286445,1213815,FL,Carriage
EW Direct Cremation ,NP20286424,1216445,VA,Carriage
Traditional Burial Package ,NP20286438,1213815,FL,Carriage
EW Direct Cremation ,NP20286427,1216445,VA,Carriage
Traditional Cremation Package,NP20286407,1217278,VA,Carriage
Salem DC,NP20286412,1214285,VA,Carriage
Direct Cremation Package ,NP20286406,1217059,NC,Carriage
Direct Cremation Package ,NP20286400,1217059,NC,Carriage
Direct Cremation (Minimum),NP20286391,1214662,FL,Carriage
X,NP20286383,1207191,NC,Carriage
X,NP20286373,1207191,NC,Carriage
Direct Cremation (Minimum),NP20286372,1214662,FL,Carriage
X,NP20286291,1208478,CT,Carriage
X,NP20286277,1208478,CT,Carriage
Conrad and Thompson Direct Cremation ,NP20286286,1217762,FL,Carriage
X,NP20286351,1210002,CA,Carriage
Direct Cremation,NP20286309,1212883,CA,Carriage
X,NP20286302,1063864,CA,Carriage
X,NP20286297,1063864,CA,Carriage
JS - Direct Cremation,NP20286294,1211506,LA,Carriage
CCFH - Direct Cremation,NP20286279,1208303,TX,Carriage
2025 - B-J Direct Cremation (CT),NP20286261,1207772,RI,Carriage
Direct Cremation ,NP20276861,1214751,LA,Carriage
X,NP20286276,1063864,CA,Carriage
Remembrance Package ,NP20286273,1217059,NC,Carriage
X,NP20286271,1063864,CA,Carriage
Remembrance Package ,NP20286266,1217059,NC,Carriage
X,NP20286262,1063864,CA,Carriage
Traditional Funeral Package ,NP20286243,1217278,VA,Carriage
Cremation B/Serenity,NP20286222,1214495,FL,Carriage
Reflection (Indian Trail) New Pricing,NP20286209,1214528,NC,Carriage
X,NP20285533,1203410,VA,Carriage
Cremation B/Serenity,NP20286203,1214495,FL,Carriage
Serenity,NP20286170,1215092,FL,Carriage
Direct Cremation with Urn,NP20286193,1215178,TX,Carriage
Direct Cremation (Weddington) New Pricing,NP20286151,1214528,NC,Carriage
Direct Cremation (Weddington) New Pricing,NP20286150,1214528,NC,Carriage
Direct Cremation Package ,NP20286142,1217059,NC,Carriage
Direct Cremation Package ,NP20286137,1217059,NC,Carriage
Traditional Burial w/ embalming and chapel/church service,NP20286063,1208346,IL,Carriage
X,NP20286123,1211061,FL,Carriage
Direct Cremation,NP20286122,1203410,VA,Carriage
X,NP20286048,1214014,CA,Carriage
Simplicity ,NP20284813,1210556,CA,Carriage
X,NP20286046,1211506,LA,Carriage
X,NP20286042,1211506,LA,Carriage
Remembrance Package Burial ,NP20286039,1206517,CA,Carriage
Remembrance Package Burial ,NP20286034,1206517,CA,Carriage
X,NP20286020,1217845,FL,Carriage
Reflection Cremation Package,NP20286024,1212311,CA,Carriage
GW - Direct Cremation,NP20285984,1211506,LA,Carriage
X,NP20285983,1216553,TN,Carriage
HP Simplicity Cremation,NP20285946,1212198,NC,Carriage
X,NP20285939,1208346,IL,Carriage
X,NP20285701,1215873,OK,Carriage
X,NP20285843,1216727,OK,Carriage
Simplicity Cremation,NP20285918,1214662,FL,Carriage
EFH Direct Cremation ,NP20285927,1216445,VA,Carriage
Farewell Package ,NP20285915,1217059,NC,Carriage
Direct Cremation (Indian Trail) New Pricing,NP20285911,1214528,NC,Carriage
Direct Cremation (Indian Trail) New Pricing,NP20285908,1214528,NC,Carriage
Farewell Package ,NP20285912,1217059,NC,Carriage
X,NP20285897,1210619,CA,Carriage
X,NP20285890,1210619,CA,Carriage
X,NP20285869,1214285,VA,Carriage
X,NP20285863,1214285,VA,Carriage
Shipout to Mass,NP20285860,1209670,TX,Carriage
Shipout to Mass,NP20285856,1209670,TX,Carriage
Direct Cremation,NP20285768,1214747,LA,Carriage
Serenity SW/Crespo Cremation w/ Urn Present - Shared (1),NP20285814,1217280,TX,Carriage
X,NP20285783,1063864,CA,Carriage
X,NP20284409,1217219,MA,Carriage
CCFH (direct cremation),NP20285781,1213514,TX,Carriage
X,NP20285772,1210980,CA,Carriage
X,NP20285770,1210980,CA,Carriage
Direct Cremation Dayton/ Anahuac ,NP20285767,1208775,TX,Carriage
Traditional Full Caket Service,NP20285738,1217498,CA,Carriage
Cremation With Memorial Service,NP20285726,1215475,FL,Carriage
CCFH - Direct Cremation,NP20285711,1208303,TX,Carriage
X,NP20285720,1018818,CA,Carriage
Tranquility burial package,NP20285705,1210477,CA,Carriage
Solace,NP20285613,1207344,PA,Carriage
2025 - B-J Direct Cremation (RI),NP20285702,1207772,RI,Carriage
X,NP20285672,1214729,TX,Carriage
X,NP20285646,1213469,ID,Carriage
X,NP20285641,1211061,FL,Carriage
X,NP20285628,1210619,CA,Carriage
X,NP20285633,1210619,CA,Carriage
Direct Cremation,NP20285634,1207180,NC,Carriage
Serenity Memorial Service,NP20285636,1214709,FL,Carriage
Remembrance,NP20285629,1215475,FL,Carriage
Remembrance Package SW/Crespo Burial - Shared (1),NP20285600,1209670,TX,Carriage
X,NP20285565,1018818,CA,Carriage
X,NP20285563,1018818,CA,Carriage
X,NP20285539,1207191,NC,Carriage
X,NP20285526,1207191,NC,Carriage
2025 - B-J Direct Cremation (CT),NP20285514,1207772,RI,Carriage
Direct Cremation,NP20283798,1216949,OH,Carriage
2025 - B-J Direct Cremation (RI),NP20285448,1207772,RI,Carriage
Direct Cremation w/ Trayview,NP20285485,1211983,CA,Carriage
JS - Remembrance (Burial),NP20285478,1211506,LA,Carriage
JS - Remembrance (Burial),NP20285474,1211506,LA,Carriage
X,NP20285345,1210997,TX,Carriage
X,NP20285429,1216727,OK,Carriage
X,NP20285424,1216727,OK,Carriage
Remembrance Package ,NP20285449,1217059,NC,Carriage
Remembrance Package ,NP20285438,1217059,NC,Carriage
Cremation With Memorial Service,NP20285421,1215475,FL,Carriage
Cremation With Memorial Service,NP20285404,1215475,FL,Carriage
X,NP20285391,1207191,NC,Carriage
X,NP20285379,1207191,NC,Carriage
Serenity SW/Crespo Cremation w/ Urn Present - Shared (1),NP20283989,1210981,TX,Carriage
Serenity SW/Crespo Cremation w/ Urn Present - Shared (1),NP20284846,1210981,TX,Carriage
HP Reflection (Full Svc Cremation),NP20284315,1212198,NC,Carriage
Remembrance Package ,NP20285352,1217059,NC,Carriage
Remembrance Package ,NP20285342,1217059,NC,Carriage
Tranquility Package Burial ,NP20284844,1212311,CA,Carriage
X,NP20285314,1216553,TN,Carriage
X,NP20285281,1214285,VA,Carriage
X,NP20285278,1214285,VA,Carriage
Reflection,NP20285262,1203410,VA,Carriage
Direct Cremation w/ Trayview,NP20285225,1211983,CA,Carriage
Direct Cremation Package ,NP20285213,1217059,NC,Carriage
Direct Cremation Package ,NP20285216,1217059,NC,Carriage
Serenity HP CORRECT,NP20285188,1212198,NC,Carriage
Cremation With View,NP20285183,1215178,TX,Carriage
X,NP20285120,1217939,FL,Carriage
Signature,NP20285144,1203410,VA,Carriage
X,NP20285140,1216553,GA,Carriage
X,NP20285104,1217939,FL,Carriage
TST - Direct Cremation,NP20285079,1211506,LA,Carriage
AD Direct Cremation,NP20284506,1212198,NC,Carriage
Direct Cremation,NP20285066,1203410,VA,Carriage
Traditional Burial,NP20284896,1215475,FL,Carriage
Reflection,NP20285048,1203410,VA,Carriage
Reflection,NP20285049,1203410,VA,Carriage
X,NP20285037,1214492,FL,Carriage
Full Service Burial,NP20283991,1206749,IL,Carriage
Full Service Burial,NP20283988,1206749,IL,Carriage
Serenity Pkg,NP20284989,1207180,NC,Carriage
X,NP20285029,1211061,FL,Carriage
X,NP20285020,1211061,FL,Carriage
X,NP20285014,1214709,FL,Carriage
X,NP20285005,1216727,OK,Carriage
X,NP20284070,1207675,OK,Carriage
X,NP20284637,1207675,OK,Carriage
X,NP20284069,1207675,OK,Carriage
X,NP20284991,1211061,FL,Carriage
X,NP20284990,1211061,FL,Carriage
Tranquility,NP20284988,1203410,VA,Carriage
Tranquility,NP20284985,1203410,VA,Carriage
Tranquility,NP20284986,1203410,VA,Carriage
X,NP20284475,1208346,IL,Carriage
Signature,NP20284936,1214699,TX,Carriage
Signature,NP20284944,1214699,TX,Carriage
Direct Cremation,NP20284972,1208062,CA,Carriage
X,NP20284960,1210619,CA,Carriage
X,NP20284958,1210619,CA,Carriage
X,NP20284942,1212311,CA,Carriage
Traditional Burial,NP20284920,1215475,FL,Carriage
X,NP20284829,1064339,OK,Carriage
X,NP20284722,1216727,OK,Carriage
SIGNATURE (2 DAY SERVICE),NP20284899,1056384,CA,Carriage
SIGNATURE (2 DAY SERVICE),NP20284884,1056384,CA,Carriage
HP Simplicity Cremation,NP20284852,1212198,NC,Carriage
Traditional Burial - 1 day,NP20283016,1216949,OH,Carriage
REMEMBRANCE,NP20284817,1214641,FL,Carriage
Tranquility Package ,NP20284836,1217059,NC,Carriage
Signature Burial Package,NP20284830,1215475,FL,Carriage
Direct Cremation,NP20284825,1203410,VA,Carriage
Direct Cremation,NP20284822,1203410,VA,Carriage
Signature Burial Package,NP20284806,1215475,FL,Carriage
Serenity (Weddington) New Pricing,NP20284798,1214528,NC,Carriage
Reflection SW/Crespo Cremation w/ Casket - Shared (1),NP20284738,1209670,TX,Carriage
Signature Package SW/Crespo Burial - Shared (1),NP20283643,1209670,TX,Carriage
X,NP20284731,1214663,FL,Carriage
Direct Cremation,NP20284643,1214560,FL,Carriage
Direct Cremation,NP20284650,1214560,FL,Carriage
Direct Cremation,NP20284662,1214560,FL,Carriage
SSFH Serenity Memorial Cremation Package,NP20284644,1210997,TX,Carriage
X,NP20284676,1206077,CA,Carriage
SSFH Serenity Memorial Cremation Package,NP20284639,1210997,TX,Carriage
X,NP20284628,1213469,ID,Carriage
Direct Cremation,NP20284589,1203410,VA,Carriage
Direct Cremation,NP20284590,1203410,VA,Carriage
Direct Cremation,NP20284592,1215475,FL,Carriage
Contemporary Funeral Services,NP20284587,1209221,CA,Carriage
X,NP20284575,1210290,NC,Carriage
Direct Cremation,NP20284565,1215475,FL,Carriage
X,NP20282067,1214699,TX,Carriage
Contemporary Funeral Services,NP20284571,1209221,CA,Carriage
Farewell Cremation Package,NP20284300,1212311,CA,Carriage
Farewell Cremation Package,NP20284298,1212311,CA,Carriage
AD Direct Cremation,NP20284559,1212198,NC,Carriage
X,NP20284533,1216727,OK,Carriage
X,NP20284549,1216727,OK,Carriage
JS - Direct Cremation,NP20284548,1211506,LA,Carriage
DIRECT CREMATION,NP20284541,1056384,CA,Carriage
REMEMBRANCE (1 DAY SERVICE),NP20284532,1056384,CA,Carriage
Remembrance (Weddington) New Pricing,NP20284521,1214528,NC,Carriage
X,NP20284514,1018818,CA,Carriage
X,NP20284496,1064339,OK,Carriage
Direct Cremation (Weddington) New Pricing,NP20284499,1214528,NC,Carriage
Immediate Burial,NP20284323,1214777,ID,Carriage
Immediate Burial,NP20284331,1214777,ID,Carriage
X,NP20284488,1217494,CA,Carriage
Traditional Cremation Package ,NP20284458,1213815,FL,Carriage
X,NP20284462,1217988,VA,Carriage
X,NP20284460,1217988,VA,Carriage
Traditional Cremation Package ,NP20284444,1213815,FL,Carriage
Direct Cremation Package ,NP20284428,1217059,NC,Carriage
Direct Cremation Package ,NP20284425,1217059,NC,Carriage
Direct Cremation (Weddington) New Pricing,NP20284412,1214528,NC,Carriage
Direct Cremation (Weddington) New Pricing,NP20284403,1214528,NC,Carriage
Majlis Burial (Vault & O/C Inc.) - Updated 2026,NP20284394,1208289,CA,Carriage
Majlis Burial (Vault & O/C Inc.) - Updated 2026,NP20284395,1208289,CA,Carriage
X,NP20284391,1210466,TX,Carriage
Direct Cremation,NP20284363,1207345,CA,Carriage
Cremation With View,NP20283791,1215178,TX,Carriage
Cremation With View,NP20284339,1215178,TX,Carriage
X,NP20284341,1063864,CA,Carriage
Simplicity (Direct Cremation),NP20284333,1214712,FL,Carriage
Simplicity (Direct Cremation),NP20284330,1214712,FL,Carriage
X,NP20284310,1211506,LA,Carriage
X,NP20284292,1206517,CA,Carriage
X,NP20284197,1214853,TX,Carriage
Forwarding of Remains to another Funeral Home,NP20283998,1213815,FL,Carriage
X,NP20284231,1210290,NC,Carriage
Traditional Burial - 1 day,NP20283013,1216949,OH,Carriage
Direct Cremation,NP20284248,1212311,CA,Carriage
Direct Cremation,NP20284249,1214495,FL,Carriage
TST - Direct Cremation,NP20284224,1211506,LA,Carriage
Serenity Pkg,NP20284225,1207180,NC,Carriage
Serenity Memorial Service,NP20284220,1214709,FL,Carriage
Serenity Memorial Service,NP20284211,1214709,FL,Carriage
Serenity Pkg,NP20284217,1207180,NC,Carriage
Serenity at Church,NP20284202,1203410,VA,Carriage
Serenity at Church,NP20284206,1203410,VA,Carriage
X,NP20284196,1214285,VA,Carriage
X,NP20284191,1214285,VA,Carriage
X,NP20283835,1211061,FL,Carriage
Tranquility Package Burial ,NP20284172,1212311,CA,Carriage
X,NP20284164,1207191,NC,Carriage
Traditional Farewell,NP20283782,1210466,TX,Carriage
X,NP20284156,1207191,NC,Carriage
Direct Cremation,NP20284008,1214777,ID,Carriage
Direct Cremation,NP20284042,1214777,ID,Carriage
Serenity Package ,NP20284123,1217059,NC,Carriage
Direct Cremation Package ,NP20284111,1213815,FL,Carriage
X,NP20284112,1217988,VA,Carriage
X,NP20284110,1217988,VA,Carriage
Direct Cremation (RL),NP20283976,1214853,TX,Carriage
REMEMBRANCE 1 DAY EVENT CASKET BURIAL,NP20284077,1214093,CA,Carriage
REMEMBRANCE 1 DAY EVENT CASKET BURIAL,NP20284078,1214093,CA,Carriage
CCFH Serenity (Cremation w/Memorial service),NP20284063,1213514,TX,Carriage
CCFH Serenity,NP20284064,1214694,TX,Carriage
CCFH Serenity (Cremation w/Memorial service),NP20284065,1213514,TX,Carriage
GW Serenity Cremation,NP20284055,1211506,LA,Carriage
GW Serenity Cremation,NP20284044,1211506,LA,Carriage
Direct Cremation,NP20283266,1203410,VA,Carriage
Tranquility Package ,NP20283967,1217059,NC,Carriage
Tranquility Package ,NP20283960,1217059,NC,Carriage
Simplicity SW/Crespo (Direct) Cremation w/ Urn - Shared (1),NP20283956,1209670,TX,Carriage
Allisons Traditional Burial w/ Continental OBC No casket - Shared (1),NP20283946,1208775,TX,Carriage
Tranquility Package 5/1/2026,NP20283610,1214750,LA,Carriage
Direct Cremation (Weddington) New Pricing,NP20283906,1214528,NC,Carriage
Direct Cremation (Weddington) New Pricing,NP20283901,1214528,NC,Carriage
X,NP20283904,1214799,FL,Carriage
DIRECT CREMATION NO SERVICES ,NP20283899,1213575,ID,Carriage
X,NP20283896,1214799,FL,Carriage
X,NP20283879,1216553,GA,Carriage
Serenity SW/Crespo Cremation w/ Urn Present - Shared (1),NP20283872,1208775,TX,Carriage
Serenity SW/Crespo Cremation w/ Urn Present - Shared (1),NP20283846,1217280,TX,Carriage
CCFH (direct cremation),NP20283849,1213514,TX,Carriage
X,NP20283847,1217988,VA,Carriage
X,NP20283830,1217939,FL,Carriage
Direct Cremation (Ballantyne) New Pricing,NP20283829,1214528,NC,Carriage
Direct Cremation (Ballantyne) New Pricing,NP20283824,1214528,NC,Carriage
X,NP20283817,1211061,FL,Carriage
X,NP20283814,1207191,NC,Carriage
Direct Cremation Package ,NP20283809,1213815,FL,Carriage
X,NP20283803,1207191,NC,Carriage
Signature Burial Package,NP20283757,1214777,ID,Carriage
Direct Cremation,NP20283753,1211486,CA,Carriage
Serenity (RW),NP20283702,1214853,TX,Carriage
Serenity (RW),NP20283630,1214853,TX,Carriage
CCFH (direct cremation),NP20283713,1213514,TX,Carriage
Signature,NP20283591,1203410,VA,Carriage
CCFH (direct cremation),NP20283704,1213514,TX,Carriage
X,NP20283659,1215873,OK,Carriage
X,NP20283649,1215873,OK,Carriage
Serenity (RW),NP20283627,1214853,TX,Carriage
Serenity (RW),NP20283695,1214853,TX,Carriage
X,NP20282899,1206032,KY,Carriage
Reflection,NP20283651,1210556,CA,Carriage
Serenity at Church,NP20283669,1203410,VA,Carriage
X,NP20283653,1216727,OK,Carriage
Remembrance Package Burial ,NP20283663,1206517,CA,Carriage
Remembrance Package Burial ,NP20283654,1206517,CA,Carriage
Remembrance Service,NP20283636,1207180,NC,Carriage
Serenity Pkg,NP20283620,1207180,NC,Carriage
X,NP20283625,1018818,CA,Carriage
Direct Cremation,NP20283354,1214777,ID,Carriage
Direct Cremation Package ,NP20283622,1213815,FL,Carriage
X,NP20283385,1217845,FL,Carriage
Simplicity (Direct Cremation),NP20283535,1214712,FL,Carriage
Simplicity (Direct Cremation),NP20283529,1214712,FL,Carriage
Direct Cremation,NP20283502,1214495,FL,Carriage
Direct Cremation,NP20283504,1214495,FL,Carriage
HP Simplicity Cremation,NP20283499,1212198,NC,Carriage
X,NP20283487,1063864,CA,Carriage
X,NP20283486,1063864,CA,Carriage
FULL SERVICE CREMATION - Shared (1),NP20283473,1208188,CA,Carriage
X,NP20283422,1214729,TX,Carriage
Direct Cremation,NP20283419,1203410,VA,Carriage
X,NP20283402,1212198,NC,Carriage
X,NP20283392,1212198,NC,Carriage
GW Serenity Cremation,NP20283369,1211506,LA,Carriage
Remembrance Package SW/Crespo Burial - Shared (1),NP20283357,1207742,TX,Carriage
GW Serenity Cremation,NP20283355,1211506,LA,Carriage
Direct Cremation,NP20283356,1208062,CA,Carriage
EW Direct Cremation ,NP20283332,1216445,VA,Carriage
Direct Cremation (RW),NP20283296,1214853,TX,Carriage
CCFH full service burial ,NP20283315,1213514,TX,Carriage
GW Serenity Cremation,NP20283320,1211506,LA,Carriage
Eternal Grace,NP20272762,1210466,TX,Carriage
Direct Cremation (Weddington) New Pricing,NP20283288,1214528,NC,Carriage
S.S.F.H. Signature Burial 2/1/26,NP20283261,1210478,TX,Carriage
X,NP20283262,1209489,OK,Carriage
X,NP20283224,1209489,OK,Carriage
Direct Cremation (Weddington) New Pricing,NP20283201,1214528,NC,Carriage
Direct Cremation (Weddington) New Pricing,NP20283194,1214528,NC,Carriage
X,NP20282399,1217477,TN,Carriage
REMEMBRANCE (1 DAY SERVICE),NP20283152,1056384,CA,Carriage
REFLECTION (TRADITIONAL CREMATION) ,NP20283149,1056384,CA,Carriage
Tranquility Graveside Burial HP,NP20283129,1212198,NC,Carriage
Direct Cremation,NP20283130,1212311,CA,Carriage
Tranquility Graveside Burial HP,NP20283125,1212198,NC,Carriage
X,NP20283045,1212311,CA,Carriage
Direct Cremation,NP20283070,1203410,VA,Carriage
Direct Cremation,NP20283075,1203410,VA,Carriage
GW Serenity Cremation,NP20283078,1211506,LA,Carriage
Direct Cremation,NP20283067,1217476,TX,Carriage
Simplicity Cremation (Direct Cremation with ID View),NP20283028,1215773,CA,Carriage
X,NP20283022,1210619,CA,Carriage
Serenity Package ,NP20283002,1217059,NC,Carriage
Serenity at Church,NP20282987,1203410,VA,Carriage
Basic Funeral Service,NP20282106,1209221,CA,Carriage
X,NP20282976,1207191,NC,Carriage
X,NP20282973,1207191,NC,Carriage
X,NP20282958,1211061,FL,Carriage
X,NP20282957,1211061,FL,Carriage
Direct Cremation,NP20281716,1203410,VA,Carriage
CCFH full preferred burial ,NP20282929,1213514,TX,Carriage
X,NP20282814,1216727,OK,Carriage
X,NP20282812,1216727,OK,Carriage
Full Service Burial,NP20282604,1206749,IL,Carriage
X,NP20282909,1217278,VA,Carriage
Direct Cremation,NP20282905,1211486,CA,Carriage
Direct Cremation,NP20282902,1211486,CA,Carriage
X,NP20282911,1213469,ID,Carriage
JS - Direct Cremation,NP20282910,1211506,LA,Carriage
Direct Cremation,NP20282847,1217278,VA,Carriage
X,NP20282880,1210619,CA,Carriage
X,NP20282882,1210619,CA,Carriage
SERENITY (CELEBRATION OF LIFE) ,NP20282884,1056384,CA,Carriage
X,NP20282873,1214285,VA,Carriage
X,NP20282861,1213469,ID,Carriage
X,NP20282868,1214285,VA,Carriage
X,NP20279522,1216700,TX,Carriage
Traditional Remembrance Package,NP20282828,1214703,FL,Carriage
X,NP20282023,1216727,OK,Carriage
X,NP20282801,1207191,NC,Carriage
Signature ,NP20282030,1213720,WI,Carriage
Signature ,NP20281506,1213720,WI,Carriage
X,NP20282749,1210619,CA,Carriage
X,NP20282752,1210619,CA,Carriage
Islamic Burial Plan,NP20282762,1207345,CA,Carriage
Islamic Burial Plan,NP20282763,1207345,CA,Carriage
X,NP20282698,1210619,CA,Carriage
REFLECTION (TRADITIONAL CREMATION) ,NP20282757,1056384,CA,Carriage
Direct Cremation (RW),NP20282733,1214853,TX,Carriage
Direct Cremation (RW),NP20282725,1214853,TX,Carriage
JS - Remembrance (Burial),NP20282738,1211506,LA,Carriage
Traditional Funeral Package ,NP20282734,1217278,VA,Carriage
Solace Package ,NP20282421,1214164,CA,Carriage
Solace Package ,NP20282428,1214164,CA,Carriage
Simplicity Cremation (Direct Cremation with ID View),NP20282730,1215773,CA,Carriage
Simplicity Cremation (Direct Cremation with ID View),NP20282723,1215773,CA,Carriage
2025 - B-J Direct Cremation (RI),NP20282712,1207772,RI,Carriage
X,NP20282700,1210619,CA,Carriage
Direct Cremation,NP20282571,1215092,FL,Carriage
Direct Cremation (Minimum),NP20282685,1214662,FL,Carriage
Direct Cremation (Minimum),NP20282679,1214662,FL,Carriage
Direct Cremation,NP20282665,1203410,VA,Carriage
X,NP20282646,1214285,VA,Carriage
X,NP20282268,1208843,VA,Carriage
X,NP20282265,1208843,VA,Carriage
Direct Cremation (Weddington),NP20282626,1214528,NC,Carriage
X,NP20282616,1214663,FL,Carriage
Direct Cremation,NP20282588,1203410,VA,Carriage
2025 -B-J Memorial Memories Cremation ,NP20282057,1207772,RI,Carriage
X,NP20282530,1210619,CA,Carriage
X,NP20282519,1210619,CA,Carriage
X,NP20282520,1210619,CA,Carriage
JS - Direct Cremation,NP20282238,1211506,LA,Carriage
Base E Hen,NP20282435,1217476,TX,Carriage
Base R Hen,NP20282443,1217476,TX,Carriage
BJ - Graveside with ashes,NP20282475,1207772,RI,Carriage
BJ - Graveside with ashes,NP20282477,1207772,RI,Carriage
BJ - Graveside with ashes,NP20282401,1207772,RI,Carriage
BJ - Graveside with ashes,NP20282442,1207772,RI,Carriage
Direct Cremation,NP20282434,1212311,CA,Carriage
CCFH full service burial,NP20282386,1214282,TX,Carriage
Signature Package Burial,NP20282398,1206517,CA,Carriage
Celebration of Life - SW,NP20282362,1217846,CA,Carriage
Remembrance (Indian Trail) New Pricing,NP20282357,1214528,NC,Carriage
X,NP20281832,1216727,OK,Carriage
Remembrance (Indian Trail) New Pricing,NP20282351,1214528,NC,Carriage
Reflection,NP20282332,1203410,VA,Carriage
Reflection,NP20282334,1203410,VA,Carriage
Tranquility,NP20282297,1214699,TX,Carriage
Tranquility,NP20282299,1214699,TX,Carriage
Tranquility,NP20282304,1214699,TX,Carriage
X,NP20282313,1211061,FL,Carriage
X,NP20282308,1211061,FL,Carriage
S.S.F.H. Simplicity Cremation,NP20282294,1210478,TX,Carriage
X,NP20279498,1215873,OK,Carriage
2025 - B-J Lasting Memories 2Day Burial Package,NP20282293,1207772,RI,Carriage
2025 - B-J Lasting Memories 2Day Burial Package,NP20282295,1207772,RI,Carriage
X,NP20282285,1217477,TN,Carriage
Full Service Cremation,NP20282282,1215475,FL,Carriage
X,NP20282278,1207191,NC,Carriage
X,NP20282274,1213815,FL,Carriage
X,NP20282269,1213815,FL,Carriage
Solace Service at Graveside,NP20282256,1203410,VA,Carriage
X,NP20282236,1217494,CA,Carriage
X,NP20281790,1211506,LA,Carriage
JS - Direct Cremation,NP20282230,1211506,LA,Carriage
X,NP20282181,1209489,OK,Carriage
X,NP20282174,1210478,TX,Carriage
Signature Package,NP20282055,1214164,CA,Carriage
X,NP20282170,1216553,GA,Carriage
X,NP20282133,1217494,CA,Carriage
JS - Remembrance (Burial),NP20282126,1211506,LA,Carriage
Remembrance Package SW/Crespo Burial - Shared (1),NP20282119,1207742,TX,Carriage
S.S.F.H. Signature Burial 2/1/26,NP20282092,1210478,TX,Carriage
Remembrance (Weddington),NP20282082,1214528,NC,Carriage
Direct Cremation,NP20282085,1207528,CA,Carriage
Serenity (Weddington),NP20282062,1214528,NC,Carriage
S.S.F.H. Signature Burial 2/1/26,NP20282058,1210478,TX,Carriage
X,NP20282035,1216553,TN,Carriage
TRANQUILITY (GRAVESIDE),NP20282031,1056384,CA,Carriage
Serenity HP CORRECT,NP20282022,1212198,NC,Carriage
SW/Crespo Direct Cremation,NP20282002,1208775,TX,Carriage
X,NP20282009,1216553,TN,Carriage
X,NP20282003,1207191,NC,Carriage
X,NP20282000,1216553,TN,Carriage
X,NP20281990,1217762,FL,Carriage
X,NP20280895,1207180,NC,Carriage
X,NP20281967,1214492,FL,Carriage
X,NP20281961,1209489,OK,Carriage
Immediate Burial,NP20281951,1203410,VA,Carriage
Tranquility (Weddington),NP20281942,1214528,NC,Carriage
X,NP20281935,1207191,NC,Carriage
Signature (Weddington),NP20281922,1214528,NC,Carriage
Signature (Weddington),NP20281921,1214528,NC,Carriage
Allisons Traditional Burial w/ Continental OBC No casket - Shared (1),NP20281222,1208775,TX,Carriage
Serenity HP CORRECT,NP20281594,1212198,NC,Carriage
Serenity HP CORRECT,NP20281593,1212198,NC,Carriage
Direct Cremation ,NP20281849,1210477,CA,Carriage
X,NP20281851,1216553,GA,Carriage
Remembrance Service,NP20281842,1207180,NC,Carriage
X,NP20281845,1216553,GA,Carriage
HP Direct Cremation,NP20281595,1212198,NC,Carriage
X,NP20281775,1213469,ID,Carriage
Direct Cemation,NP20281741,1206084,CA,Carriage
Direct Cemation,NP20281755,1206084,CA,Carriage
X,NP20281749,1207191,NC,Carriage
X,NP20281746,1216553,GA,Carriage
Sterling FH Dayton/Annahuac Trad Funeral No casket/OBC - Shared (1),NP20281743,1207742,TX,Carriage
X,NP20281732,1214492,FL,Carriage
X,NP20281730,1216553,GA,Carriage
X,NP20281721,1214492,FL,Carriage
X,NP20281700,1211506,LA,Carriage
Traditional Cremation Package,NP20281699,1217278,VA,Carriage
Direct Cremation,NP20281685,1217477,TN,Carriage
Direct Cremation RL,NP20278904,1217160,TX,Carriage
EW Remembrance Same Day Package ,NP20281609,1216445,VA,Carriage
EW Reflection Full Service Cremation ,NP20281620,1216445,VA,Carriage
X,NP20281625,1214285,VA,Carriage
Signature,NP20281626,1203410,VA,Carriage
Serenity (Weddington),NP20281618,1214528,NC,Carriage
X,NP20281617,1214285,VA,Carriage
Rememberance Package,NP20281546,1214747,LA,Carriage
Remembrance,NP20281603,1203410,VA,Carriage
X,NP20281602,1207191,NC,Carriage
Serenity at Church,NP20281587,1203410,VA,Carriage
Cremation with Memorial Service,NP20281544,1206749,IL,Carriage
Non-Ceremonial Cremation Offerings/Simplicity Cremation Package 5,NP20281482,1213575,ID,Carriage
Non-Ceremonial Cremation Offerings/Simplicity Cremation Package 5,NP20281487,1213575,ID,Carriage
Direct Cremation,NP20281467,1214164,CA,Carriage
X,NP20281507,1209489,OK,Carriage
Signature (Weddington),NP20281480,1214528,NC,Carriage
Serenity (Weddington),NP20281483,1214528,NC,Carriage
AD Direct Cremation,NP20281484,1212198,NC,Carriage
Traditional Cremation Package,NP20281481,1217278,VA,Carriage
Direct Burial Package ,NP20281476,1213815,FL,Carriage
Traditional Cremation Package,NP20281454,1217278,VA,Carriage
Serenity Memorial Service,NP20281455,1214709,FL,Carriage
X,NP20281424,1207191,NC,Carriage
Reflection Cremation Service,NP20281448,1214709,FL,Carriage
Simplicity,NP20281442,1209221,CA,Carriage
Signature,NP20281429,1203410,VA,Carriage
Signature,NP20281426,1203410,VA,Carriage
Traditional Burial Package ,NP20281421,1213815,FL,Carriage
X,NP20281412,1214285,VA,Carriage
X,NP20281409,1018818,CA,Carriage
X,NP20281408,1214285,VA,Carriage
Direct Cremation,NP20281390,1215475,FL,Carriage
Serenity (Weddington),NP20281394,1214528,NC,Carriage
X,NP20281384,1210619,CA,Carriage
Serenity (Weddington),NP20281397,1214528,NC,Carriage
Simplicity Cremation,NP20281383,1214709,FL,Carriage
X,NP20281361,1214285,VA,Carriage
Traditional Cremation Package,NP20281293,1217278,VA,Carriage
Remembrance,NP20281349,1203410,VA,Carriage
CCFH full preferred burial ,NP20281282,1213514,TX,Carriage
X,NP20278843,1209489,OK,Carriage
Reflection SW/Crespo Cremation w/ Casket - Shared (1),NP20279388,1207742,TX,Carriage
Reflection SW/Crespo Cremation w/ Casket - Shared (1),NP20279310,1207742,TX,Carriage
HP Simplicity Cremation,NP20281289,1212198,NC,Carriage
Direct Cremation,NP20281278,1212311,CA,Carriage
Direct Cremation ,NP20281265,1210477,CA,Carriage
X,NP20280259,1210619,CA,Carriage
X,NP20281231,1210619,CA,Carriage
Direct Burial,NP20281226,1208062,CA,Carriage
Traditional Cremation Package,NP20281209,1217278,VA,Carriage
X,NP20280985,1216875,NM,Carriage
Full Service Burial,NP20280570,1206749,IL,Carriage
Direct Cremation,NP20281202,1203410,VA,Carriage
"Cremation Follow by Memorial ""Serenity""",NP20280992,1215178,TX,Carriage
"Cremation Follow by Memorial ""Serenity""",NP20280993,1215178,TX,Carriage
X,NP20281175,1217403,FL,Carriage
X,NP20281176,1211506,LA,Carriage
Direct Cremation,NP20281174,1207180,NC,Carriage
X,NP20280850,1214663,FL,Carriage
X,NP20281153,1207191,NC,Carriage
X,NP20280952,1207191,NC,Carriage
Full Service Burial,NP20280573,1206749,IL,Carriage
Direct Cremation Package ,NP20281090,1213815,FL,Carriage
Direct Cremation Package ,NP20281100,1213815,FL,Carriage
Islamic Burial Plan,NP20281088,1207345,CA,Carriage
X,NP20279660,1210619,CA,Carriage
Reflection (Ballantyne),NP20281080,1214528,NC,Carriage
JS - Remembrance (Burial),NP20280609,1211506,LA,Carriage
EW Serenity Package ,NP20281042,1216445,VA,Carriage
non-ceremonial cremation w dcs,NP20281048,1214718,FL,Carriage
Cremation With View,NP20280770,1215178,TX,Carriage
X,NP20281058,1214285,VA,Carriage
non-ceremonial cremation w dcs,NP20281039,1214718,FL,Carriage
Serenity Pkg,NP20281052,1207180,NC,Carriage
Serenity Pkg,NP20281047,1207180,NC,Carriage
Reflection cremation package (Conrad and Thompson),NP20281030,1217762,FL,Carriage
Forwarding of Remains to another Funeral Home,NP20281014,1213815,FL,Carriage
Farewell Cremation Package,NP20277654,1214745,LA,Carriage
SOLACE CREMATION PACKAGE,NP20277630,1214745,LA,Carriage
X,NP20280991,1063864,CA,Carriage
X,NP20280990,1063864,CA,Carriage
X,NP20280987,1206022,CA,Carriage
X,NP20280959,1213469,ID,Carriage
X,NP20280939,1214521,FL,Carriage
X,NP20275947,1213469,ID,Carriage
X,NP20275945,1213469,ID,Carriage
X,NP20280902,1214521,FL,Carriage
X,NP20280888,1209489,OK,Carriage
CCFH (direct cremation),NP20280869,1213514,TX,Carriage
X,NP20280854,1210439,TX,Carriage
X,NP20280838,1210439,TX,Carriage
Simplicity Cremation,NP20280842,1214709,FL,Carriage
Simplicity Cremation,NP20280825,1214709,FL,Carriage
X,NP20280751,1216727,OK,Carriage
X,NP20280692,1217762,FL,Carriage
Burial - Life Celebration,NP20280713,1208062,CA,Carriage
Direct Cremation,NP20280697,1203410,VA,Carriage
X,NP20280691,1207191,NC,Carriage
Simplicity Pkg,NP20280678,1207180,NC,Carriage
Simplicity Pkg,NP20280675,1207180,NC,Carriage
X,NP20280672,1208843,VA,Carriage
X,NP20280512,1208843,VA,Carriage
Solace Service at Graveside,NP20280639,1203410,VA,Carriage
X,NP20278523,1214495,FL,Carriage
X,NP20280610,1063864,CA,Carriage
X,NP20280608,1063864,CA,Carriage
Remembrance Package Burial,NP20280607,1212311,CA,Carriage
Direct cremation Baird,NP20280588,1203141,FL,Carriage
Direct cremation Baird,NP20280582,1203141,FL,Carriage
SIGNATURE (2 DAY SERVICE),NP20280576,1056384,CA,Carriage
X,NP20280538,1215773,CA,Carriage
X,NP20280546,1215773,CA,Carriage
Direct Cremation Package ,NP20280539,1213815,FL,Carriage
X,NP20280532,1056384,CA,Carriage
Direct Cremation,NP20279837,1214495,FL,Carriage
X,NP20280523,1056384,CA,Carriage
CCFH (direct cremation),NP20280519,1213514,TX,Carriage
Cremation B/Serenity,NP20280508,1214495,FL,Carriage
X,NP20280492,1217278,VA,Carriage
X,NP20280250,1217494,CA,Carriage
X,NP20280472,1217278,VA,Carriage
HP Simplicity Cremation,NP20280424,1212198,NC,Carriage
Remembrance,NP20280421,1203410,VA,Carriage
Remembrance,NP20280423,1203410,VA,Carriage
Serenity (Weddington),NP20280415,1214528,NC,Carriage
GW Remembrance ,NP20280410,1211506,LA,Carriage
GW Remembrance ,NP20280401,1211506,LA,Carriage
Direct Cremation,NP20279854,1214641,FL,Carriage
Direct Cremation,NP20279864,1214641,FL,Carriage
Direct Cremation,NP20279858,1214641,FL,Carriage
Direct Cremation,NP20280056,1214641,FL,Carriage
Direct Cremation,NP20280049,1214641,FL,Carriage
Direct Cremation,NP20280044,1214641,FL,Carriage
Tranquility,NP20280351,1203410,VA,Carriage
Direct Cremation,NP20280348,1203410,VA,Carriage
Simplicity (Direct Cremation),NP20280317,1214712,FL,Carriage
Direct Cremation,NP20280312,1203410,VA,Carriage
Serenity Pkg,NP20280309,1207180,NC,Carriage
X,NP20280030,1214285,VA,Carriage
X,NP20280289,1063864,CA,Carriage
X,NP20280288,1210619,CA,Carriage
REMEMBRANCE (1 DAY SERVICE),NP20280267,1056384,CA,Carriage
REMEMBRANCE (1 DAY SERVICE),NP20280262,1056384,CA,Carriage
X,NP20280252,1210439,TX,Carriage
Signature,NP20280191,1215396,TX,Carriage
X,NP20280233,1210439,TX,Carriage
Burial - Life Celebration,NP20280238,1208062,CA,Carriage
Itemized Burial SW/Crespo  - Shared (1),NP20280094,1207742,TX,Carriage
Itemized Burial SW/Crespo  - Shared (1),NP20280043,1207742,TX,Carriage
X,NP20280206,1211506,LA,Carriage
REMEMBRANCE (1 DAY SERVICE),NP20280208,1056384,CA,Carriage
REMEMBRANCE (1 DAY SERVICE),NP20280196,1056384,CA,Carriage
Direct Cremation,NP20280169,1215475,FL,Carriage
Direct Cremation,NP20280159,1215475,FL,Carriage
X,NP20280149,1216553,GA,Carriage
Direct Cremation Package ,NP20280133,1213815,FL,Carriage
Direct Cremation,NP20280097,1208289,CA,Carriage
Reflection Cremation,NP20280129,1213720,WI,Carriage
Reflection Cremation,NP20280122,1213720,WI,Carriage
EW Direct Cremation ,NP20280127,1216445,VA,Carriage
X,NP20280113,1207191,NC,Carriage
REFLECTION (TRADITIONAL CREMATION) ,NP20280111,1056384,CA,Carriage
Reflection Cremation,NP20280103,1213720,WI,Carriage
SIGNATURE (2 DAY SERVICE),NP20280104,1056384,CA,Carriage
Reflection Cremation,NP20271890,1213720,WI,Carriage
X,NP20280047,1214663,FL,Carriage
Direct Cremation ,NP20280080,1214751,LA,Carriage
X,NP20280081,1211506,LA,Carriage
X,NP20280069,1211506,LA,Carriage
Serenity HP CORRECT,NP20280070,1212198,NC,Carriage
EFH Direct Cremation ,NP20276724,1216445,VA,Carriage
X,NP20280077,1214285,VA,Carriage
Serenity HP CORRECT,NP20280074,1212198,NC,Carriage
X,NP20280075,1211061,FL,Carriage
X,NP20280065,1211061,FL,Carriage
X,NP20280060,1213469,ID,Carriage
X,NP20280051,1213469,ID,Carriage
EW Direct Cremation ,NP20280011,1216445,VA,Carriage
Serenity Pkg,NP20279588,1207180,NC,Carriage
X,NP20280008,1216553,GA,Carriage
X,NP20280001,1216553,GA,Carriage
X,NP20279984,1214093,CA,Carriage
Reflection cremation,NP20279962,1210477,CA,Carriage
X,NP20279961,1216553,GA,Carriage
Seaside FH Farewell,NP20279532,1213514,TX,Carriage
DIRECT CREMATION,NP20279958,1056384,CA,Carriage
DIRECT CREMATION,NP20279956,1056384,CA,Carriage
X,NP20279941,1216553,GA,Carriage
Basic Cremation,NP20279940,1209221,CA,Carriage
Basic Cremation,NP20279936,1209221,CA,Carriage
Direct Cremation,NP20279931,1214014,CA,Carriage
Direct Cremation,NP20279928,1214014,CA,Carriage
X,NP20279924,1217494,CA,Carriage
Direct Cremation,NP20279844,1214641,FL,Carriage
"Direct Cremation - May 1, 2026",NP20279915,1214750,LA,Carriage
"Direct Cremation - May 1, 2026",NP20279905,1214750,LA,Carriage
2025 - B-J Direct Cremation (RI),NP20279900,1207772,RI,Carriage
Reflection,NP20273772,1215092,FL,Carriage
"Direct Cremation - May 1, 2026",NP20279893,1214750,LA,Carriage
Signature (RW),NP20279894,1214853,TX,Carriage
Signature (RW),NP20279880,1214853,TX,Carriage
Direct Cremation,NP20279281,1214641,FL,Carriage
Full Service Burial,NP20279877,1206749,IL,Carriage
X,NP20279875,1216553,GA,Carriage
X,NP20279866,1216553,GA,Carriage
Cremation 1016,NP20279847,1213172,CA,Carriage
Cremation 1016,NP20279833,1213172,CA,Carriage
Direct Cremation,NP20279829,1214641,FL,Carriage
Direct Cremation,NP20279817,1214560,FL,Carriage
X,NP20279816,1210619,CA,Carriage
X,NP20279814,1210619,CA,Carriage
X,NP20279820,1208843,VA,Carriage
X,NP20279789,1215178,TX,Carriage
HP Simplicity Cremation,NP20279804,1212198,NC,Carriage
HP Simplicity Cremation,NP20279733,1212198,NC,Carriage
X,NP20279796,1211506,LA,Carriage
Direct Burial,NP20279734,1206749,IL,Carriage
Direct Cremation,NP20279795,1207180,NC,Carriage
CCFH (direct cremation),NP20279794,1213514,TX,Carriage
Direct Cremation,NP20279792,1207180,NC,Carriage
X,NP20279772,1216553,GA,Carriage
2025 - B-J Direct Cremation,NP20279770,1207772,RI,Carriage
X,NP20279766,1216553,GA,Carriage
X,NP20279755,1212816,VA,Carriage
Serenity,NP20279743,1207344,PA,Carriage
Serenity,NP20279748,1207344,PA,Carriage
Direct Cremation (Weddington),NP20279750,1214528,NC,Carriage
X,NP20279746,1207191,NC,Carriage
Direct Cremation (Weddington),NP20279742,1214528,NC,Carriage
Serenity HP CORRECT,NP20279731,1212198,NC,Carriage
Serenity HP CORRECT,NP20279739,1212198,NC,Carriage
Direct Cremation,NP20279716,1212311,CA,Carriage
X,NP20279717,1210002,CA,Carriage
X,NP20279661,1211320,TX,Carriage
Signature (Rowlett),NP20279493,1214853,TX,Carriage
X,NP20279629,1210619,CA,Carriage
X,NP20279625,1210619,CA,Carriage
Remembrance Package,NP20279628,1214709,FL,Carriage
Remembrance Package,NP20279618,1214712,FL,Carriage
basic cremation,NP20279617,1211061,FL,Carriage
basic cremation,NP20279611,1211061,FL,Carriage
Traditional Burial Package ,NP20279605,1213815,FL,Carriage
Traditional Burial Package ,NP20279601,1213815,FL,Carriage
GW - Direct Cremation,NP20279565,1211506,LA,Carriage
HP Burial Remembrance,NP20279556,1212198,NC,Carriage
X,NP20279553,1207191,NC,Carriage
Direct Cremation,NP20279252,1214641,FL,Carriage
Direction Cremation,NP20279501,1206749,IL,Carriage
X,NP20279505,1214285,VA,Carriage
Signature (Rowlett),NP20279489,1214853,TX,Carriage
Direct Cremation Package ,NP20279496,1213815,FL,Carriage
Direct Cremation Package ,NP20279494,1213815,FL,Carriage
X,NP20279473,1217278,VA,Carriage
X,NP20279466,1217278,VA,Carriage
Solice Urn Service,NP20279471,1214709,FL,Carriage
Solice Urn Service,NP20279470,1214709,FL,Carriage
Solice Urn Service,NP20279467,1214709,FL,Carriage
Direct Cremation (RW),NP20268317,1214853,TX,Carriage
Signature burial package,NP20279424,1210477,CA,Carriage
Direct Cremation ,NP20278946,1214667,FL,Carriage
Signature,NP20279406,1215396,TX,Carriage
X,NP20279395,1018818,CA,Carriage
X,NP20279396,1018818,CA,Carriage
X,NP20279365,1210619,CA,Carriage
X,NP20279362,1210619,CA,Carriage
X,NP20279386,1018818,CA,Carriage
X,NP20279376,1214663,FL,Carriage
Tranquility Graveside Burial HP,NP20279333,1212198,NC,Carriage
Traditional Cremation Package ,NP20279340,1213815,FL,Carriage
Tranquility Graveside Burial HP,NP20279331,1212198,NC,Carriage
Direct Cremation,NP20279317,1207180,NC,Carriage
X,NP20278452,1213720,WI,Carriage
Signature (RW),NP20279283,1214853,TX,Carriage
X,NP20279259,1216553,GA,Carriage
X,NP20279277,1214285,VA,Carriage
Direct Cremation Package ,NP20279276,1213815,FL,Carriage
Direct Cremation Package ,NP20279262,1213815,FL,Carriage
Direct Cremation,NP20279229,1212311,CA,Carriage
X,NP20279224,1063864,CA,Carriage
Direct Cremation,NP20279223,1212311,CA,Carriage
Direct Cremation,NP20279200,1214777,ID,Carriage
X,NP20279199,1063864,CA,Carriage
X,NP20279196,1063864,CA,Carriage
Basic,NP20279183,1208187,CA,Carriage
X,NP20278923,1213469,ID,Carriage
X,NP20279171,1214729,TX,Carriage
Serenity (RW),NP20279153,1214853,TX,Carriage
X,NP20279157,1214492,FL,Carriage
X,NP20279151,1216553,TN,Carriage
X,NP20279148,1216553,TN,Carriage
X,NP20279142,1214492,FL,Carriage
X,NP20279140,1207191,NC,Carriage
X,NP20279128,1207191,NC,Carriage
basic cremation,NP20279120,1211061,FL,Carriage
basic cremation,NP20279108,1211061,FL,Carriage
Remembrance Service,NP20279094,1207180,NC,Carriage
X,NP20279095,1216553,TN,Carriage
X,NP20279092,1216553,TN,Carriage
Reflection Cremation Package,NP20279089,1212311,CA,Carriage
X,NP20279082,1216875,NM,Carriage
JS - Remembrance (Burial),NP20279076,1211506,LA,Carriage
X,NP20279078,1213469,ID,Carriage
X,NP20279074,1213469,ID,Carriage
Serenity Cremation Package (Urn present for visitation/chapel),NP20278898,1214753,LA,Carriage
X,NP20279053,1207191,NC,Carriage
X,NP20279037,1207191,NC,Carriage
X,NP20279040,1214285,VA,Carriage
EW Remembrance Same Day Package ,NP20279029,1216445,VA,Carriage
X,NP20278983,1207191,NC,Carriage
X,NP20278978,1216553,TN,Carriage
X,NP20278974,1216553,TN,Carriage
X,NP20278969,1207191,NC,Carriage
Serenity (Weddington),NP20278686,1214528,NC,Carriage
Serenity (Weddington),NP20278685,1214528,NC,Carriage
X,NP20278885,1211506,LA,Carriage
X,NP20278876,1213469,ID,Carriage
X,NP20278875,1213469,ID,Carriage
Traditional Buria,NP20278873,1064339,OK,Carriage
X,NP20278871,1210439,TX,Carriage
Direct Cremation with Urn,NP20278844,1215178,TX,Carriage
X,NP20278862,1210439,TX,Carriage
X,NP20278837,1207345,CA,Carriage
X,NP20278835,1207345,CA,Carriage
X,NP20278850,1056384,CA,Carriage
X,NP20278820,1210619,CA,Carriage
X,NP20278815,1210619,CA,Carriage
X,NP20278834,1207180,NC,Carriage
X,NP20278824,1018818,CA,Carriage
Remembrance,NP20278785,1210466,TX,Carriage
X,NP20278778,1215873,OK,Carriage
Remembrance - Cremation w/ service 3/25,NP20278788,1207675,OK,Carriage
X,NP20278716,1217477,TN,Carriage
basic cremation,NP20278746,1211061,FL,Carriage
basic cremation,NP20278742,1211061,FL,Carriage
Traditional Buria,NP20278731,1064339,OK,Carriage
Traditional Buria,NP20278727,1064339,OK,Carriage
Traditional Buria,NP20278721,1064339,OK,Carriage
Full Service Cremation - 1 Day,NP20278700,1212883,CA,Carriage
Full Service Cremation - 1 Day,NP20278698,1212883,CA,Carriage
Remembrance,NP20278669,1215396,TX,Carriage
Direct Cremation,NP20278674,1214662,FL,Carriage
Direct Cremation SW-NE ,NP20278659,1206077,CA,Carriage
Farewell,NP20278656,1214641,FL,Carriage
Direct cremation Baird,NP20278652,1203141,FL,Carriage
Direct cremation Baird,NP20278651,1203141,FL,Carriage
Direct Cremation,NP20278650,1214641,FL,Carriage
CCFH PREFFERED ,NP20270991,1211320,TX,Carriage
X,NP20278639,1018818,CA,Carriage
X,NP20278640,1018818,CA,Carriage
EW Direct Cremation ,NP20278604,1216445,VA,Carriage
REMEMBRANCE (1 DAY SERVICE),NP20278598,1056384,CA,Carriage
X,NP20278595,1208313,TX,Carriage
Basic Cremation,NP20278479,1215396,TX,Carriage
X,NP20278570,1214663,FL,Carriage
Direct Cremation Package ,NP20278563,1213815,FL,Carriage
GW- Solace Cremation,NP20278557,1211506,LA,Carriage
Direct Cremation Package ,NP20278548,1213815,FL,Carriage
X,NP20278539,1217059,NC,Carriage
CCFH Simply Cremation moreno,NP20278535,1214282,TX,Carriage
X,NP20278532,1217059,NC,Carriage
CCFH Simply Cremation moreno,NP20278515,1214282,TX,Carriage
X,NP20278526,1214285,VA,Carriage
Remembrance,NP20278518,1214014,CA,Carriage
X,NP20274046,1216727,OK,Carriage
X,NP20278501,1018818,CA,Carriage
CCFH (direct cremation),NP20278494,1213514,TX,Carriage
CCFH (direct cremation),NP20278482,1213514,TX,Carriage
X,NP20278490,1214799,FL,Carriage
X,NP20278477,1216553,GA,Carriage
X,NP20278455,1210290,NC,Carriage
X,NP20278403,1216727,OK,Carriage
Direct Cremation RL,NP20278319,1217160,TX,Carriage
Solace Offerings (RL),NP20278336,1214853,TX,Carriage
Solace Offerings (RL),NP20278337,1214853,TX,Carriage
GOM-Serenity Cremation,NP20278310,1215124,LA,Carriage
X,NP20278322,1214712,FL,Carriage
SIGNATURE (2 DAY SERVICE),NP20278316,1056384,CA,Carriage
Remembrance Package,NP20278313,1214709,FL,Carriage
X,NP20275180,1215498,NJ,Carriage
SIGNATURE (2 DAY SERVICE),NP20278282,1056384,CA,Carriage
Direct Cremation Package ,NP20278270,1213815,FL,Carriage
X,NP20278263,1216553,GA,Carriage
Direct Cremation Package ,NP20278259,1213815,FL,Carriage
HP Simplicity Cremation,NP20278255,1212198,NC,Carriage
X,NP20277729,1214285,VA,Carriage
HP Simplicity Cremation,NP20278243,1212198,NC,Carriage
SERENITY (CELEBRATION OF LIFE) ,NP20278241,1056384,CA,Carriage
Traditional Burial,NP20278209,1215475,FL,Carriage
Remembrance Package ,NP20278181,1214751,LA,Carriage
X,NP20278183,1214285,VA,Carriage
Direct Cremation (Indian Trail),NP20278144,1214528,NC,Carriage
Direct Cremation,NP20278147,1214662,FL,Carriage
X,NP20278139,1208843,VA,Carriage
X,NP20278137,1208843,VA,Carriage
X,NP20278125,1211061,FL,Carriage
Direct Cremation,NP20278108,1208062,CA,Carriage
Direct Cremation,NP20278111,1208062,CA,Carriage
Contemporary Funeral ,NP20278109,1209828,CA,Carriage
Remembrance,NP20278049,1214560,FL,Carriage
X,NP20277975,1210758,TX,Carriage
X,NP20278065,1212198,NC,Carriage
Direct Cremation,NP20278066,1215475,FL,Carriage
JS - Remembrance (Burial),NP20278053,1211506,LA,Carriage
X,NP20278011,1217494,CA,Carriage
Direct Cremation,NP20278036,1214641,FL,Carriage
X,NP20277962,1217219,MA,Carriage
Direct Cremation,NP20277987,1208062,CA,Carriage
Direct Cremation,NP20277968,1208062,CA,Carriage
basic cremation,NP20277958,1211061,FL,Carriage
Signature Package SW/Crespo Burial - Shared (1),NP20277663,1208775,TX,Carriage
X,NP20277952,1213469,ID,Carriage
Farewell Cremation,NP20277917,1214662,FL,Carriage
Direct Cremation,NP20277900,1212311,CA,Carriage
Serenity Cremation,NP20277895,1214662,FL,Carriage
Cremation with Funeral & Viewing,NP20277426,1206749,IL,Carriage
X,NP20277899,1210964,MA,Carriage
Direct Cremation Package ,NP20276397,1213815,FL,Carriage
HP Remembrance (Memorial Service),NP20277882,1212198,NC,Carriage
Direct Cremation Package ,NP20277845,1213815,FL,Carriage
Full Casket Burial,NP20277821,1207528,CA,Carriage
Full Casket Burial,NP20277819,1207528,CA,Carriage
Direct Cremation,NP20277816,1214014,CA,Carriage
Tranquility Burial Package 3,NP20277801,1213575,ID,Carriage
X,NP20277793,1214709,FL,Carriage
Farewell Cremation Package,NP20275691,1214745,LA,Carriage
Direction Cremation,NP20277660,1206749,IL,Carriage
Signature ,NP20274098,1213720,WI,Carriage
Farewell Cremation Package,NP20277751,1212311,CA,Carriage
Signature burial (4/2026),NP20277554,1214680,OK,Carriage
Simple  Burial Package,NP20277698,1215178,TX,Carriage
Contemporary Funeral ,NP20277678,1209828,CA,Carriage
Solace Cremation Package,NP20277673,1212311,CA,Carriage
X,NP20277636,1217059,NC,Carriage
Contemporary Funeral ,NP20277628,1209828,CA,Carriage
Cremation B/Serenity,NP20277625,1214495,FL,Carriage
X,NP20277618,1213469,ID,Carriage
Contemporary Funeral ,NP20277623,1209828,CA,Carriage
CCFH full service burial,NP20277617,1214282,TX,Carriage
CCFH full service burial,NP20277595,1214282,TX,Carriage
X,NP20277579,1214285,VA,Carriage
Simplicity Cremation,NP20277574,1214709,FL,Carriage
X,NP20277572,1209489,OK,Carriage
Serenity (Weddington),NP20277548,1214528,NC,Carriage
X,NP20277549,1217059,NC,Carriage
Direct Cremation,NP20277547,1214662,FL,Carriage
X,NP20277544,1217059,NC,Carriage
X,NP20277541,1214663,FL,Carriage
Direct Cremation,NP20277540,1214662,FL,Carriage
Gathering of Remembrance,NP20277508,1208346,GA,Carriage
Gathering of Remembrance,NP20277444,1208346,GA,Carriage
X,NP20277539,1214285,VA,Carriage
X,NP20277537,1214285,VA,Carriage
Basic - Shared (1),NP20277289,1208188,CA,Carriage
Basic - Shared (1),NP20277527,1208188,CA,Carriage
TRANQUILITY (GRAVESIDE),NP20277486,1056384,CA,Carriage
Basic Cremation,NP20277498,1209828,CA,Carriage
TRANQUILITY (GRAVESIDE),NP20277484,1056384,CA,Carriage
DIRECT CREMATION ,NP20277472,1216100,CA,Carriage
Solace Package Cremation,NP20277473,1206517,CA,Carriage
Contemporary Funeral ,NP20277471,1215773,CA,Carriage
Burial - Contemporary Funeral,NP20277465,1208062,CA,Carriage
Contemporary Funeral ,NP20277462,1215773,CA,Carriage
Burial - Contemporary Funeral,NP20277458,1208062,CA,Carriage
X,NP20277413,1214285,VA,Carriage
X,NP20277390,1214673,FL,Carriage
X,NP20277409,1214673,FL,Carriage
Direct Cremation Package ,NP20277232,1213815,FL,Carriage
Remembrance ,NP20267345,1213720,WI,Carriage
X,NP20277332,1018818,CA,Carriage
Basic - Shared (1),NP20277322,1208188,CA,Carriage
X,NP20277321,1210964,MA,Carriage
Direct Cremation,NP20277316,1207180,NC,Carriage
X,NP20277275,1209489,OK,Carriage
Direct Cremation,NP20277273,1214662,FL,Carriage
Direct Cremation,NP20277263,1214662,FL,Carriage
X,NP20277264,1210964,MA,Carriage
X,NP20277228,1216553,GA,Carriage
Direct Cremation,NP20277221,1214662,FL,Carriage
Direct Cremation Package ,NP20277197,1213815,FL,Carriage
X,NP20276989,1214667,FL,Carriage
Remembrance (Indian Trail),NP20277157,1214528,NC,Carriage
Remembrance (Indian Trail),NP20277158,1214528,NC,Carriage
X,NP20277189,1214285,VA,Carriage
X,NP20277187,1214285,VA,Carriage
Remembrance,NP20277146,1203410,VA,Carriage
Remembrance,NP20277144,1203410,VA,Carriage
X,NP20277046,1214667,FL,Carriage
Contemporary Funeral ,NP20277130,1209828,CA,Carriage
Signature Package SW/Crespo Burial - Shared (1),NP20277098,1217280,TX,Carriage
Direct cremation Baird,NP20277110,1203141,FL,Carriage
HP Remembrance (Memorial Service),NP20277083,1212198,NC,Carriage
Direct Cremation,NP20277096,1211486,CA,Carriage
Serenity Cremation Package ,NP20277101,1214751,LA,Carriage
X,NP20277099,1214662,FL,Carriage
Serenity SW/Crespo Cremation w/ Urn Present - Shared (1),NP20277091,1217280,TX,Carriage
Traditional Burial,NP20277089,1215475,FL,Carriage
Serenity (Weddington),NP20277072,1214528,NC,Carriage
Traditional Burial,NP20277074,1215475,FL,Carriage
Serenity (Weddington),NP20277076,1214528,NC,Carriage
X,NP20275359,1214492,FL,Carriage
X,NP20277052,1209489,OK,Carriage
Direct Cremation,NP20277015,1212311,CA,Carriage
Simplicity (Direct Cremation),NP20277002,1214712,FL,Carriage
Simplicity Cremation,NP20276992,1214709,FL,Carriage
Contemporary Funeral Services,NP20276960,1209221,CA,Carriage
Serenity (Weddington),NP20276965,1214528,NC,Carriage
Serenity (Weddington),NP20276956,1214528,NC,Carriage
Serenity (Weddington),NP20276954,1214528,NC,Carriage
basic cremation,NP20276955,1211061,FL,Carriage
X,NP20276952,1217219,MA,Carriage
basic cremation,NP20276951,1211061,FL,Carriage
X,NP20276687,1215498,NJ,Carriage
X,NP20276935,1216727,OK,Carriage
Basic Cremation,NP20275957,1215396,TX,Carriage
Reflection,NP20275157,1215396,TX,Carriage
Reflection,NP20275155,1215396,TX,Carriage
SSFH Remembrance 1-day Full Service Burial Package,NP20276897,1210997,TX,Carriage
SSFH Remembrance 1-day Full Service Burial Package,NP20276893,1210997,TX,Carriage
Simplicity Cremation,NP20276900,1214709,FL,Carriage
Burial - Life Celebration,NP20276898,1208062,CA,Carriage
Simplicity Cremation,NP20276896,1214709,FL,Carriage
DIRECT CREMATION NO SERVICES ,NP20276889,1213575,ID,Carriage
DIRECT CREMATION NO SERVICES ,NP20276884,1213575,ID,Carriage
Sterling FH Dayton/Annahuac Trad Funeral No casket/OBC - Shared (1),NP20276707,1207742,TX,Carriage
SERENITY,NP20276851,1216317,FL,Carriage
X,NP20276841,1214803,FL,Carriage
X,NP20276842,1214712,FL,Carriage
Serenity Memorial Service,NP20276832,1214709,FL,Carriage
X,NP20276786,1216727,OK,Carriage
X,NP20275325,1216727,OK,Carriage
X,NP20276772,1216727,OK,Carriage
basic cremation,NP20276740,1211061,FL,Carriage
Reflection,NP20276820,1203410,VA,Carriage
Direct Cremation,NP20276813,1208062,CA,Carriage
basic cremation,NP20276808,1211061,FL,Carriage
X,NP20276805,1216553,TN,Carriage
X,NP20276696,1207347,CA,Carriage
Solace Package,NP20276777,1207180,NC,Carriage
X,NP20276766,1209489,OK,Carriage
X,NP20276728,1216553,TN,Carriage
X,NP20276718,1216553,TN,Carriage
DIRECT CREMATION,NP20276722,1056384,CA,Carriage
Signature,NP20276713,1203410,VA,Carriage
DIRECT CREMATION,NP20276710,1056384,CA,Carriage
2025 - B-J Direct Cremation,NP20276706,1207772,RI,Carriage
X,NP20276657,1208843,VA,Carriage
EFH Direct Cremation ,NP20276647,1216445,VA,Carriage
BJ - Graveside with ashes,NP20276645,1207772,RI,Carriage
X,NP20276609,1208843,VA,Carriage
X,NP20276637,1216553,TN,Carriage
Direct Cremation,NP20276620,1203410,VA,Carriage
EW Direct Cremation ,NP20276612,1216445,VA,Carriage
X,NP20276522,1208062,CA,Carriage
"Cremation Follow by Memorial ""Serenity""",NP20276232,1215178,TX,Carriage
EW Serenity Package ,NP20276589,1216445,VA,Carriage
X,NP20274400,1215873,OK,Carriage
Signature Burial Package,NP20276536,1215475,FL,Carriage
GOM- Remembrance Burial,NP20276510,1215124,LA,Carriage
Serenity (Weddington),NP20276516,1214528,NC,Carriage
X,NP20276394,1216727,OK,Carriage
Serenity (Weddington),NP20276512,1214528,NC,Carriage
X,NP20276339,1216727,OK,Carriage
Signature Burial Package,NP20276513,1215475,FL,Carriage
HP Simplicity Cremation,NP20276500,1212198,NC,Carriage
HP Simplicity Cremation,NP20276493,1212198,NC,Carriage
EW Serenity Package ,NP20276485,1216445,VA,Carriage
Basic - Shared (1),NP20276476,1208188,CA,Carriage
Cremation with mem service,NP20276474,1208062,CA,Carriage
Signature Package Burial,NP20276464,1212311,CA,Carriage
X,NP20276458,1216727,OK,Carriage
Traditional Service,NP20276415,1208346,GA,Carriage
Cremation with mem service,NP20276451,1208062,CA,Carriage
X,NP20276427,1018818,CA,Carriage
Direct Cremation (Minimum),NP20276423,1214662,FL,Carriage
X,NP20276422,1217059,NC,Carriage
X,NP20276416,1217059,NC,Carriage
Direct Cremation Package ,NP20275629,1213815,FL,Carriage
Reflection (Weddington),NP20276387,1214528,NC,Carriage
Simplicity (Direct Cremation),NP20276384,1214712,FL,Carriage
Serenity Memorial Service,NP20276378,1214709,FL,Carriage
Direct Cremation,NP20276368,1212311,CA,Carriage
Signature Burial Package,NP20276355,1215475,FL,Carriage
Direct Cremation ,NP20276344,1214751,LA,Carriage
Direct Cremation ,NP20276357,1214751,LA,Carriage
basic cremation,NP20276348,1211061,FL,Carriage
basic cremation,NP20276345,1211061,FL,Carriage
"Cremation Follow by Memorial ""Serenity""",NP20276221,1215178,TX,Carriage
Serenity Pkg,NP20276330,1207180,NC,Carriage
X,NP20276321,1216553,GA,Carriage
X,NP20276317,1216553,GA,Carriage
Cremation with mem service,NP20276279,1208062,CA,Carriage
X,NP20276271,1213469,ID,Carriage
X,NP20276266,1213469,ID,Carriage
X,NP20276274,1063864,CA,Carriage
SIGNATURE (2 DAY SERVICE),NP20276268,1056384,CA,Carriage
Direct Cremation,NP20276223,1203410,VA,Carriage
HP Tranquil Tribute (Graveside),NP20276170,1212198,NC,Carriage
Direct Cremation,NP20276123,1214662,FL,Carriage
Direct Cremation SW-NE ,NP20276141,1206077,CA,Carriage
Traditional Burial,NP20276087,1215475,FL,Carriage
Traditional Burial Package ,NP20276076,1213815,FL,Carriage
X,NP20276036,1217219,MA,Carriage
X,NP20276052,1214712,FL,Carriage
CCFH Simply Cremation moreno,NP20276003,1214282,TX,Carriage
CCFH Simply Cremation moreno,NP20276002,1214282,TX,Carriage
Direct Cremation,NP20275985,1203410,VA,Carriage
Direct Cremation,NP20275984,1203410,VA,Carriage
Contemporary Funeral Services,NP20275980,1209221,CA,Carriage
Full-Service Casket with Viewing,NP20275959,1207345,CA,Carriage
Poole Direct Cremation,NP20275915,1210290,NC,Carriage
Direct Cremation (Ballantyne),NP20275937,1214528,NC,Carriage
X,NP20275935,1216553,GA,Carriage
Direct Cremation (Ballantyne),NP20275928,1214528,NC,Carriage
HP Remembrance (Memorial Service),NP20275918,1212198,NC,Carriage
HP Remembrance (Memorial Service),NP20275914,1212198,NC,Carriage
Simplicity (Direct Cremation),NP20275879,1214712,FL,Carriage
Cremation With View,NP20275861,1215178,TX,Carriage
Solace Package (Cremation Following Graveside),NP20275860,1214712,FL,Carriage
X,NP20275835,1214492,FL,Carriage
Solice Urn Service,NP20275842,1214709,FL,Carriage
Serenity (Weddington),NP20275821,1214528,NC,Carriage
Serenity (Weddington),NP20275823,1214528,NC,Carriage
X,NP20275805,1214492,FL,Carriage
X,NP20275801,1214663,FL,Carriage
HP Burial Remembrance,NP20275760,1212198,NC,Carriage
HP Burial Remembrance,NP20275758,1212198,NC,Carriage
Cremation with Memorial Service Package ,NP20275759,1213815,FL,Carriage
X,NP20275752,1208843,VA,Carriage
Direct Cremation Package ,NP20275745,1213815,FL,Carriage
X,NP20275740,1211061,FL,Carriage
Signature,NP20275735,1203410,VA,Carriage
X,NP20275731,1211061,FL,Carriage
Farewell Cremation ,NP20275433,1213720,WI,Carriage
Farewell Cremation ,NP20275412,1213720,WI,Carriage
Direct Cremation,NP20275621,1214560,FL,Carriage
Direct Cremation,NP20275622,1214560,FL,Carriage
Direct Cremation,NP20275628,1214560,FL,Carriage
CREMATION REFLECTION (2 Days),NP20275592,1214450,CA,Carriage
X,NP20275670,1214682,OK,Carriage
X,NP20275669,1214682,OK,Carriage
CCFH full service burial,NP20275643,1214282,TX,Carriage
CCFH full service burial,NP20275648,1214282,TX,Carriage
CCFH Burial Package,NP20275645,1208303,TX,Carriage
Contemporary Funeral ,NP20275634,1209828,CA,Carriage
SOLACE CREMATION ,NP20275632,1214748,LA,Carriage
SIGNATURE BURIAL,NP20275423,1214745,LA,Carriage
Direct Cremation Package ,NP20270544,1213815,FL,Carriage
X,NP20275620,1214495,FL,Carriage
SOLACE CREMATION PACKAGE,NP20275614,1214745,LA,Carriage
X,NP20275600,1210619,CA,Carriage
X,NP20275598,1063864,CA,Carriage
Remembrance (RW),NP20275581,1214853,TX,Carriage
CCFH Simple Cremation Package,NP20275547,1210997,TX,Carriage
GW Remembrance ,NP20275548,1211506,LA,Carriage
Direct Cremation,NP20275561,1215475,FL,Carriage
Direct Cremation,NP20275539,1215475,FL,Carriage
X,NP20275347,1214729,TX,Carriage
X,NP20271117,1213469,ID,Carriage
Simplicity Cremation,NP20275518,1214709,FL,Carriage
X,NP20275507,1216553,GA,Carriage
X,NP20275508,1211486,CA,Carriage
X,NP20275505,1212198,NC,Carriage
X,NP20275503,1216553,GA,Carriage
Signature,NP20275497,1203410,VA,Carriage
X,NP20275482,1210619,CA,Carriage
X,NP20275493,1216553,GA,Carriage
X,NP20275485,1212311,CA,Carriage
SSFH Farewell Gathering/Reception Cremation Package,NP20275463,1210997,TX,Carriage
X,NP20275469,1211061,FL,Carriage
TRANQUILITY (GRAVESIDE),NP20275461,1056384,CA,Carriage
Direct Cremation,NP20275453,1214747,LA,Carriage
X,NP20275187,1214492,FL,Carriage
Cremation B/Serenity,NP20275399,1214495,FL,Carriage
Direct Cremation with Urn,NP20275405,1215178,TX,Carriage
Serenity Pkg,NP20275389,1207180,NC,Carriage
X,NP20275142,1210290,NC,Carriage
X,NP20275374,1214662,FL,Carriage
X,NP20275343,1216553,GA,Carriage
AD Tranquility,NP20275311,1212198,NC,Carriage
Signature,NP20275320,1203410,VA,Carriage
Signature,NP20275319,1203410,VA,Carriage
X,NP20275292,1208303,TX,Carriage
SIGNATURE (2 DAY SERVICE),NP20275232,1056384,CA,Carriage
X,NP20275278,1214014,CA,Carriage
SIGNATURE (2 DAY SERVICE),NP20275234,1056384,CA,Carriage
DIRECT CREMATION,NP20275262,1056384,CA,Carriage
DIRECT CREMATION,NP20275265,1056384,CA,Carriage
X,NP20275074,1214682,OK,Carriage
X,NP20275241,1214667,FL,Carriage
X,NP20275083,1214682,OK,Carriage
Tranquility (Graveside Service),NP20275243,1216317,FL,Carriage
Direct Cremation,NP20275239,1207345,CA,Carriage
Direct Cremation,NP20275235,1207345,CA,Carriage
Signature 10/2025,NP20275221,1207675,OK,Carriage
Direct Cremation,NP20275204,1203410,VA,Carriage
Direct Cremation,NP20275205,1203410,VA,Carriage
REMEMBRANCE BURIAL,NP20274916,1214745,LA,Carriage
SERENITY (CELEBRATION OF LIFE) ,NP20275193,1056384,CA,Carriage
Remembrance,NP20275183,1203410,VA,Carriage
Remembrance,NP20275179,1203410,VA,Carriage
SERENITY (CELEBRATION OF LIFE) ,NP20275184,1056384,CA,Carriage
X,NP20275177,1214492,FL,Carriage
Full Service Burial,NP20268290,1206749,IL,Carriage
Remembrance Burial Package 1,NP20275159,1213575,ID,Carriage
Remembrance Burial Package 1,NP20275164,1213575,ID,Carriage
GW - Direct Cremation,NP20275163,1211506,LA,Carriage
Burial - Life Celebration,NP20275158,1208062,CA,Carriage
Cremation- Life Celebration,NP20275143,1208062,CA,Carriage
Solace Service at Graveside,NP20275127,1203410,VA,Carriage
X,NP20275113,1217059,NC,Carriage
X,NP20275098,1214285,VA,Carriage
Reflection Cremation Service,NP20275094,1214709,FL,Carriage
X,NP20275091,1216727,OK,Carriage
X,NP20275081,1217059,NC,Carriage
X,NP20275079,1211061,FL,Carriage
X,NP20275068,1211061,FL,Carriage
EW Direct Cremation ,NP20275069,1216445,VA,Carriage
Solace Package (Cremation Following Graveside),NP20275066,1214712,FL,Carriage
X,NP20275050,1216875,NM,Carriage
HP Burial Remembrance,NP20275040,1212198,NC,Carriage
Direct Cremation,NP20275033,1215475,FL,Carriage
Havenbrook Simplicity Cremation,NP20275007,1216727,OK,Carriage
X,NP20275014,1207180,NC,Carriage
Direct Burial (RL),NP20275010,1214853,TX,Carriage
Traditional funeral service (Eternal Grace) Conrad & Thompson ,NP20274990,1214803,FL,Carriage
basic cremation,NP20274996,1211061,FL,Carriage
Direct Cremation,NP20272959,1210758,TX,Carriage
Direct Cremation,NP20272955,1210758,TX,Carriage
X,NP20274953,1063864,CA,Carriage
X,NP20274951,1063864,CA,Carriage
DIRECT CREMATION ,NP20274779,1216100,CA,Carriage
Funeral Service (Burial),NP20274934,1210758,TX,Carriage
Serenity at Funeral Home,NP20274920,1203410,VA,Carriage
SSFH Remembrance 1-day Full Service Burial Package,NP20274879,1210997,TX,Carriage
DIRECT CREMATION ,NP20274804,1216100,CA,Carriage
Full Services Burial SW,NP20274886,1206084,CA,Carriage
Full Services Burial SW,NP20274177,1206084,CA,Carriage
X,NP20274856,1212816,VA,Carriage
X,NP20269772,1216727,OK,Carriage
X,NP20274845,1212816,VA,Carriage
2025 -B-J Fond Farewell Same Day Package,NP20274825,1207772,RI,Carriage
2025 -B-J Fond Farewell Same Day Package,NP20274833,1207772,RI,Carriage
SSFH Remembrance 1-day Full Service Burial Package,NP20274786,1210997,TX,Carriage
X,NP20274776,1214745,LA,Carriage
X,NP20274794,1209489,OK,Carriage
SERENITY PACKAGE,NP20274765,1214745,LA,Carriage
X,NP20274777,1216727,OK,Carriage
Burial A/Signature,NP20274778,1214495,FL,Carriage
X,NP20274774,1216727,OK,Carriage
AD Solace Cremation,NP20274723,1212198,NC,Carriage
AD Solace Cremation,NP20274718,1212198,NC,Carriage
Lawton Direct Cremation,NP20274728,1209489,OK,Carriage
2025 -B-J Fond Farewell Same Day Package,NP20274636,1207772,RI,Carriage
2025 -B-J Fond Farewell Same Day Package,NP20274634,1207772,RI,Carriage
Direct Cremation,NP20274573,1214560,FL,Carriage
Direct Cremation,NP20274558,1214560,FL,Carriage
X,NP20274589,1216499,CA,Carriage
Itemized Burial Sterling Dayton Bustios,NP20274565,1209670,TX,Carriage
Itemized Burial Sterling Dayton Bustios,NP20274576,1209670,TX,Carriage
X,NP20274566,1063864,CA,Carriage
X,NP20274560,1063864,CA,Carriage
X,NP20274545,1063864,CA,Carriage
X,NP20274537,1063864,CA,Carriage
X,NP20274220,1215873,OK,Carriage
X,NP20274527,1208843,VA,Carriage
X,NP20274501,1217059,NC,Carriage
X,NP20274507,1212816,VA,Carriage
Simplicity (Direct Cremation),NP20274282,1216317,FL,Carriage
SIGNATURE (2 DAY SERVICE),NP20274492,1056384,CA,Carriage
X,NP20274494,1212816,VA,Carriage
X,NP20274482,1211320,TX,Carriage
Eternal Grace,NP20274454,1210466,TX,Carriage
Remembrance,NP20274440,1210466,TX,Carriage
TRANQUILITY,NP20274448,1214641,FL,Carriage
X,NP20274432,1214285,VA,Carriage
SIMPLICITY cremation,NP20274419,1214718,FL,Carriage
SIMPLICITY cremation,NP20274409,1214718,FL,Carriage
Direct Cremation,NP20272867,1207528,CA,Carriage
Contemporary Funeral ,NP20274378,1215773,CA,Carriage
Direct Cremation Package ,NP20274405,1213815,FL,Carriage
Tranquility Package,NP20274215,1214750,LA,Carriage
Direct Cremation,NP20274025,1214777,ID,Carriage
Direct Cremation Package ,NP20274360,1213815,FL,Carriage
Tranquility,NP20273887,1215092,FL,Carriage
Traditional Services,NP20274341,1207180,NC,Carriage
Traditional cremation Baird,NP20274335,1203141,FL,Carriage
X,NP20274123,1217219,MA,Carriage
X,NP20274314,1208843,VA,Carriage
X,NP20274313,1208843,VA,Carriage
X,NP20274261,1215873,OK,Carriage
X,NP20274265,1214676,OK,Carriage
X,NP20274305,1018818,CA,Carriage
X,NP20274285,1216099,FL,Carriage
Direct Cremation,NP20274268,1212311,CA,Carriage
Direct Cremation,NP20274267,1212311,CA,Carriage
X,NP20274234,1216700,TX,Carriage
X,NP20274235,1216700,TX,Carriage
Celebration of Life Funeral,NP20274241,1209221,CA,Carriage
X,NP20274233,1215873,OK,Carriage
Reflection Cremation Package ,NP20274230,1214751,LA,Carriage
HP Simplicity Cremation,NP20274182,1212198,NC,Carriage
HP Simplicity Cremation,NP20274183,1212198,NC,Carriage
Direct Cremation,NP20274174,1215475,FL,Carriage
X,NP20274155,1213469,ID,Carriage
DIRECT CREMATION,NP20274148,1056384,CA,Carriage
DIRECT BURIAL W O&C,NP20273997,1214718,FL,Carriage
X,NP20274132,1210619,CA,Carriage
GW - Tranquility,NP20272399,1211506,LA,Carriage
Poole Remembrance Burial Sameday,NP20274009,1210290,NC,Carriage
X,NP20274110,1216727,OK,Carriage
Direct Cremation,NP20274084,1212311,CA,Carriage
X,NP20274051,1208843,VA,Carriage
Full Service Burial,NP20273969,1206749,IL,Carriage
Remembrance (RW),NP20274005,1214853,TX,Carriage
X,NP20274007,1208843,VA,Carriage
X,NP20274003,1208843,VA,Carriage
HP Tranquil Tribute (Graveside),NP20273973,1212198,NC,Carriage
Remembrance,NP20273967,1203410,VA,Carriage
Tranquility Burial RW,NP20273781,1217162,TX,Carriage
X,NP20273955,1216553,GA,Carriage
Direct cremation Baird,NP20273389,1203141,FL,Carriage
X,NP20273918,1213469,ID,Carriage
X,NP20273916,1213469,ID,Carriage
X,NP20273912,1213469,ID,Carriage
X,NP20273837,1207635,CA,Carriage
X,NP20273845,1214492,FL,Carriage
Direct Cremation Package ,NP20273826,1213815,FL,Carriage
Direct Cremation Package ,NP20273838,1213815,FL,Carriage
X,NP20273823,1214492,FL,Carriage
CCFH PREFFERED ,NP20269830,1211320,TX,Carriage
AD Simplicity Cremation,NP20273762,1212198,NC,Carriage
AD Simplicity Cremation,NP20273756,1212198,NC,Carriage
REFLECTION (TRADITIONAL CREMATION) ,NP20273757,1056384,CA,Carriage
REFLECTION (TRADITIONAL CREMATION) ,NP20273752,1056384,CA,Carriage
X,NP20273770,1211061,FL,Carriage
X,NP20273749,1211061,FL,Carriage
X,NP20273738,1214285,VA,Carriage
X,NP20272772,1216553,GA,Carriage
X,NP20273704,1211486,CA,Carriage
X,NP20273710,1211486,CA,Carriage
X,NP20266984,1214285,VA,Carriage
Forwarding of Remains to another Funeral Home,NP20273701,1213815,FL,Carriage
Remembrance,NP20273692,1203410,VA,Carriage
Direct Cremation,NP20273672,1215475,FL,Carriage
CCFH Burial Plan w / Bradford,NP20273664,1208303,TX,Carriage
Direct Cremation,NP20273667,1215475,FL,Carriage
CCFH Burial Plan w / Bradford,NP20273657,1208303,TX,Carriage
X,NP20273642,1214492,FL,Carriage
X,NP20273618,1216727,OK,Carriage
X,NP20273633,1216727,OK,Carriage
CCFH Burial Plan w / Bradford,NP20273255,1208303,TX,Carriage
Itemized Burial  - Shared (1),NP20273617,1217280,TX,Carriage
Serenity Pkg,NP20273635,1207180,NC,Carriage
X,NP20273621,1214492,FL,Carriage
X,NP20273604,1211061,FL,Carriage
Cremation with Memorial Service Package ,NP20273497,1213815,FL,Carriage
DIRECT CREMATION,NP20273559,1056384,CA,Carriage
GW - Direct Cremation,NP20273529,1211506,LA,Carriage
Traditional Burial Package  Baird,NP20273372,1203141,FL,Carriage
DIRECT CREMATION,NP20273521,1056384,CA,Carriage
DIRECT CREMATION,NP20273516,1056384,CA,Carriage
X,NP20273495,1216727,OK,Carriage
Direct Cremation Package ,NP20273094,1213815,FL,Carriage
GW Remembrance ,NP20273490,1211506,LA,Carriage
HP Eternal Memories (Full Burial),NP20273471,1212198,NC,Carriage
Signature,NP20273448,1203410,VA,Carriage
X,NP20273441,1018818,CA,Carriage
X,NP20273439,1208843,VA,Carriage
X,NP20273438,1018818,CA,Carriage
X,NP20273366,1210290,NC,Carriage
Tranquility SW/Crespo Direct Burial - Shared (1),NP20273404,1208775,TX,Carriage
Direct Cremation,NP20273416,1212311,CA,Carriage
X,NP20273368,1214676,OK,Carriage
X,NP20273390,1214799,FL,Carriage
Lawton Direct Cremation,NP20273356,1209489,OK,Carriage
Cremation A/Reflection,NP20273359,1214495,FL,Carriage
HP Simplicity Cremation,NP20273342,1212198,NC,Carriage
Forwarding of Remains,NP20273346,1214718,FL,Carriage
Direct Cremation,NP20273329,1207180,NC,Carriage
Direct Cremation,NP20273325,1207180,NC,Carriage
X,NP20273323,1207191,NC,Carriage
X,NP20273319,1207191,NC,Carriage
Direct Cremation (Weddington),NP20273312,1214528,NC,Carriage
X,NP20273281,1211486,CA,Carriage
X,NP20273265,1210619,CA,Carriage
S.S.F.H.  Solace Cremation,NP20273083,1210478,TX,Carriage
X,NP20273221,1210439,TX,Carriage
X,NP20273199,1207191,NC,Carriage
HP Simplicity Cremation,NP20273194,1212198,NC,Carriage
X,NP20272534,1215498,NJ,Carriage
Remembrance,NP20273124,1203410,VA,Carriage
Solace Service at Graveside,NP20273123,1203410,VA,Carriage
Direct Cremation (Weddington),NP20273120,1214528,NC,Carriage
Direct Cremation (Weddington),NP20273118,1214528,NC,Carriage
SERENITY PACKAGE,NP20272502,1214745,LA,Carriage
SERENITY PACKAGE,NP20263430,1214745,LA,Carriage
Remembrance,NP20273070,1203410,VA,Carriage
Remembrance,NP20273069,1203410,VA,Carriage
Remembrance (RW),NP20271790,1214853,TX,Carriage
X,NP20273027,1210619,CA,Carriage
X,NP20273025,1210619,CA,Carriage
SIGNATURE (2 DAY SERVICE),NP20273006,1056384,CA,Carriage
Remembrance Service,NP20272971,1207180,NC,Carriage
GOM-Serenity Cremation,NP20266415,1215124,LA,Carriage
X,NP20272927,1210619,CA,Carriage
X,NP20272908,1211061,FL,Carriage
GOM- Remembrance Burial,NP20272934,1215124,LA,Carriage
Reflection Package,NP20272926,1217059,NC,Carriage
X,NP20272920,1207191,NC,Carriage
X,NP20272905,1207191,NC,Carriage
X,NP20272840,1215873,OK,Carriage
X,NP20272865,1215873,OK,Carriage
X,NP20272860,1210439,TX,Carriage
X,NP20272847,1210439,TX,Carriage
Remembrance,NP20272830,1203410,VA,Carriage
Remembrance,NP20272831,1203410,VA,Carriage
Serenity Package Cremation,NP20272827,1206517,CA,Carriage
Serenity Package Cremation,NP20272816,1206517,CA,Carriage
X,NP20272753,1211486,CA,Carriage
EW Direct Cremation ,NP20272466,1216445,VA,Carriage
Cremation w/services,NP20271366,1207528,CA,Carriage
X,NP20272739,1210439,TX,Carriage
X,NP20272730,1210619,CA,Carriage
X,NP20272731,1210619,CA,Carriage
X,NP20272728,1018818,CA,Carriage
Serenity Cremation Package - May 2026,NP20272727,1214750,LA,Carriage
Serenity Cremation Package - May 2026,NP20272720,1214750,LA,Carriage
Direct Cremation,NP20272719,1208062,CA,Carriage
X,NP20272710,1213469,ID,Carriage
Traditional Burial Package  Baird,NP20271835,1203141,FL,Carriage
X,NP20272671,1217047,CA,Carriage
X,NP20272682,1213469,ID,Carriage
X,NP20272679,1213469,ID,Carriage
X,NP20272663,1210619,CA,Carriage
X,NP20272664,1210619,CA,Carriage
TST - Direct Cremation,NP20272646,1211506,LA,Carriage
TST - Direct Cremation,NP20272553,1211506,LA,Carriage
REMEMBRANCE BURIAL,NP20272561,1214745,LA,Carriage
Solace (Weddington),NP20272614,1214528,NC,Carriage
Solace (Weddington),NP20272618,1214528,NC,Carriage
Remembrance Package,NP20272610,1214709,FL,Carriage
Remembrance Package,NP20272597,1214712,FL,Carriage
Signature,NP20272594,1203410,VA,Carriage
Signature,NP20272584,1203410,VA,Carriage
Signature,NP20272576,1203410,VA,Carriage
X,NP20272573,1214662,FL,Carriage
Remembrance Service,NP20272555,1207180,NC,Carriage
Serenity (Weddington),NP20272548,1214528,NC,Carriage
Serenity (Weddington),NP20272540,1214528,NC,Carriage
Remembrance Service,NP20272549,1207180,NC,Carriage
X,NP20272531,1216553,GA,Carriage
Tranquility,NP20272496,1203410,VA,Carriage
Tranquility,NP20272497,1203410,VA,Carriage
Direct Cremation,NP20272463,1214495,FL,Carriage
Poole Remembrance Burial Sameday,NP20272462,1210290,NC,Carriage
Remembrance Service,NP20272465,1207180,NC,Carriage
X,NP20272384,1214777,ID,Carriage
X,NP20272444,1214285,VA,Carriage
X,NP20272439,1211061,FL,Carriage
Reflection (Weddington),NP20272435,1214528,NC,Carriage
X,NP20272434,1207191,NC,Carriage
Reflection (Weddington),NP20272413,1214528,NC,Carriage
X,NP20272425,1207191,NC,Carriage
Basic Cremation,NP20272353,1215396,TX,Carriage
Basic Cremation,NP20272355,1215396,TX,Carriage
X,NP20272391,1210619,CA,Carriage
X,NP20272392,1210619,CA,Carriage
X,NP20272377,1214777,ID,Carriage
Simplicity (Direct Cremation),NP20272372,1216317,FL,Carriage
X,NP20270220,1212816,VA,Carriage
Remembrance,NP20272365,1203410,VA,Carriage
Direct Cremation 9/2025,NP20272318,1207675,OK,Carriage
Direct Cremation Package ,NP20272322,1213815,FL,Carriage
Simplicity (Direct Cremation),NP20272316,1216317,FL,Carriage
X,NP20272296,1207772,RI,Carriage
Remembrance,NP20272284,1203410,VA,Carriage
X,NP20272248,1208843,VA,Carriage
Serenity (RW),NP20272232,1214853,TX,Carriage
Serenity (RW),NP20272235,1214853,TX,Carriage
DIRECT CREMATION NO SERVICES ,NP20272223,1213575,ID,Carriage
X,NP20272218,1214285,VA,Carriage
X,NP20272205,1216099,FL,Carriage
Lawton Direct Cremation,NP20272168,1209489,OK,Carriage
X,NP20272169,1213815,FL,Carriage
Tranquility,NP20272158,1203410,VA,Carriage
Tranquility,NP20272161,1203410,VA,Carriage
X,NP20272160,1213815,FL,Carriage
EW Direct Cremation ,NP20272143,1216445,VA,Carriage
Traditional Full Casket Package with Transfer Out of County ,NP20266941,1206077,CA,Carriage
Traditional Full Casket Package with Transfer Out of County ,NP20269657,1206077,CA,Carriage
Cremation with mem service,NP20272129,1208062,CA,Carriage
Cremation with mem service,NP20272126,1208062,CA,Carriage
Family Farewell w/ Trayview,NP20270259,1211983,CA,Carriage
Direct Cremation w/ Trayview,NP20271899,1211983,CA,Carriage
Forwarding of Remains to another Funeral Home,NP20272051,1213815,FL,Carriage
Direct Cremation,NP20272070,1208062,CA,Carriage
Reflection Cremation Package,NP20272066,1212311,CA,Carriage
Direct Cremation,NP20272065,1208062,CA,Carriage
Reflection Cremation Package,NP20272059,1212311,CA,Carriage
Direct Cremation,NP20272048,1208062,CA,Carriage
GW - Direct Cremation,NP20267577,1211506,LA,Carriage
Traditional Full Casket Package ,NP20270516,1206077,CA,Carriage
X,NP20272029,1216553,GA,Carriage
Traditional Full Casket Package ,NP20270498,1206077,CA,Carriage
X,NP20272023,1216553,GA,Carriage
X,NP20272000,1216100,CA,Carriage
X,NP20272001,1214285,VA,Carriage
X,NP20270188,1203410,VA,Carriage
X,NP20271954,1210619,CA,Carriage
X,NP20271958,1210619,CA,Carriage
X,NP20271949,1208289,CA,Carriage
Serenity at Church,NP20271971,1203410,VA,Carriage
Signature,NP20271967,1203410,VA,Carriage
X,NP20271963,1210290,NC,Carriage
Reflection Cremation Package,NP20271925,1214853,TX,Carriage
Reflection Cremation Package,NP20271927,1214853,TX,Carriage
Signature Package SW/Crespo Burial - Shared (1),NP20271941,1207742,TX,Carriage
Direct Cremation (Indian Trail) - Shared (2),NP20271934,1217059,NC,Carriage
X,NP20271933,1214285,VA,Carriage
X,NP20271912,1214663,FL,Carriage
"Cremation Follow by Memorial ""Serenity""",NP20271722,1215178,TX,Carriage
Lawton Direct Cremation,NP20271872,1209489,OK,Carriage
Remembrance,NP20271800,1203410,VA,Carriage
Remembrance,NP20271796,1203410,VA,Carriage
X,NP20271792,1064339,OK,Carriage
Traditional Burial Package ,NP20271747,1213815,FL,Carriage
Direct Cremation,NP20271750,1214747,LA,Carriage
X,NP20271730,1214492,FL,Carriage
Direct Cremation,NP20271731,1214747,LA,Carriage
Remembrance,NP20271682,1210466,TX,Carriage
Direct Cremation (Weddington),NP20271702,1214528,NC,Carriage
X,NP20271697,1216553,TN,Carriage
Remembrance Package,NP20271132,1214164,CA,Carriage
Tranquility,NP20271696,1203410,VA,Carriage
X,NP20271695,1216553,TN,Carriage
X,NP20271676,1207191,NC,Carriage
X,NP20271567,1208843,VA,Carriage
Traditional Burial Package  Baird,NP20271645,1203141,FL,Carriage
Remembrance,NP20271634,1203410,VA,Carriage
X,NP20271626,1207191,NC,Carriage
Remembrance Package SW/Crespo Burial - Shared (1),NP20271604,1207742,TX,Carriage
Remembrance Package SW/Crespo Burial - Shared (1),NP20271601,1207742,TX,Carriage
X,NP20271534,1216553,TN,Carriage
X,NP20271521,1216553,TN,Carriage
Direct Cremation Package ,NP20271582,1213815,FL,Carriage
Direct Cremation,NP20271554,1203410,VA,Carriage
Direct Cremation,NP20271574,1203410,VA,Carriage
Direct Cremation Package ,NP20271571,1213815,FL,Carriage
X,NP20269844,1214699,TX,Carriage
Direct Cremation,NP20263606,1214495,FL,Carriage
Direct Cremation (Indian Trail),NP20271538,1214528,NC,Carriage
Tranquility,NP20271278,1214560,FL,Carriage
Solace Service at Graveside,NP20271520,1203410,VA,Carriage
Signature,NP20271522,1203410,VA,Carriage
X,NP20271226,1203410,VA,Carriage
SIGNATURE 2 DAY EVENT CASKET BURIAL,NP20271486,1214093,CA,Carriage
X,NP20271485,1213469,ID,Carriage
SIGNATURE 2 DAY EVENT CASKET BURIAL,NP20271473,1214093,CA,Carriage
Tranquility Package Burial ,NP20271437,1212311,CA,Carriage
Signature,NP20271426,1203410,VA,Carriage
Signature,NP20271430,1203410,VA,Carriage
Poole Direct Cremation,NP20271413,1210290,NC,Carriage
Serenity (RL),NP20271352,1214853,TX,Carriage
Reflection Cremation Package,NP20271338,1214853,TX,Carriage
Remembrance (RW),NP20271418,1214853,TX,Carriage
Reflection Cremation Package,NP20271420,1214853,TX,Carriage
Poole Direct Cremation,NP20271412,1210290,NC,Carriage
SIGNATURE 2 DAY EVENT CASKET BURIAL,NP20271380,1214093,CA,Carriage
X,NP20271199,1206084,CA,Carriage
X,NP20271364,1206084,CA,Carriage
X,NP20271373,1214492,FL,Carriage
X,NP20271349,1214492,FL,Carriage
X,NP20271350,1211061,FL,Carriage
X,NP20271335,1214663,FL,Carriage
SIGNATURE (2 DAY SERVICE),NP20271317,1056384,CA,Carriage
Signature (Weddington),NP20271312,1214528,NC,Carriage
Direct Cremation Package ,NP20271303,1213815,FL,Carriage
Direct Cremation Package ,NP20271288,1213815,FL,Carriage
Remembrance Service,NP20271257,1207180,NC,Carriage
Farewell (Indian Trail) - Shared (1),NP20271244,1217059,NC,Carriage
Non-Ceremonial Cremation,NP20271242,1214718,FL,Carriage
Signature,NP20271204,1203410,VA,Carriage
Signature,NP20271203,1203410,VA,Carriage
Basic,NP20271178,1208187,CA,Carriage
X,NP20271164,1210439,TX,Carriage
X,NP20271165,1018818,CA,Carriage
Simplicity,NP20271121,1209221,CA,Carriage
Signature 10/2025,NP20271071,1207675,OK,Carriage
Signature 10/2025,NP20271076,1207675,OK,Carriage
S.S.F.H. Signature Burial 2/1/26,NP20271099,1210478,TX,Carriage
2025 - B-J Lasting Memories 2Day Burial Package,NP20271102,1207772,RI,Carriage
X,NP20271090,1213469,ID,Carriage
X,NP20271084,1213469,ID,Carriage
Simplicity Cremation,NP20271088,1214709,FL,Carriage
Simplicity Cremation,NP20271082,1214709,FL,Carriage
JS - Remembrance (Burial),NP20269443,1211506,LA,Carriage
BJ - Graveside with ashes,NP20271058,1207772,RI,Carriage
S.S.F.H. Signature Burial 2/1/26,NP20269420,1210478,TX,Carriage
Cremation With Memorial Service,NP20266520,1215475,FL,Carriage
CCFH SERENITY,NP20271037,1211320,TX,Carriage
Farewell Offerings,NP20267066,1214853,TX,Carriage
X,NP20271020,1063864,CA,Carriage
X,NP20271015,1063864,CA,Carriage
X,NP20271007,1207191,NC,Carriage
2025 -B-J Fond Farewell Same Day Package,NP20270995,1207772,RI,Carriage
X,NP20270986,1208843,VA,Carriage
Serenity at Funeral Home,NP20270976,1203410,VA,Carriage
X,NP20270977,1214285,VA,Carriage
Simplicity SW/Crespo (Direct) Cremation w/ Urn - Shared (1),NP20270969,1209670,TX,Carriage
X,NP20270966,1214285,VA,Carriage
Non-Ceremonial Cremation,NP20270957,1214703,FL,Carriage
X,NP20270958,1216553,GA,Carriage
2025 - B-J Direct Cremation,NP20270939,1207772,RI,Carriage
X,NP20270934,1216553,GA,Carriage
2025 - B-J Direct Cremation,NP20270951,1207772,RI,Carriage
X,NP20270896,1214285,VA,Carriage
Solace Service at Graveside,NP20270899,1203410,VA,Carriage
Solace Service at Graveside,NP20270898,1203410,VA,Carriage
X,NP20270850,1216875,NM,Carriage
Direct Cremation,NP20270825,1212030,CA,Carriage
Serenity Memorial Service,NP20270834,1214709,FL,Carriage
Serenity Memorial Service,NP20270826,1214709,FL,Carriage
Direct Cremation Package ,NP20270811,1213815,FL,Carriage
X,NP20270778,1215873,OK,Carriage
X,NP20270759,1215873,OK,Carriage
X,NP20270794,1207191,NC,Carriage
X,NP20270792,1214799,FL,Carriage
X,NP20270785,1214799,FL,Carriage
X,NP20270699,1211061,FL,Carriage
X,NP20270709,1210619,CA,Carriage
GW Remembrance ,NP20270702,1211506,LA,Carriage
X,NP20270700,1207191,NC,Carriage
Cynthia Davis Direct Cremation,NP20270408,1208346,GA,Carriage
Direct Cremation,NP20270669,1215475,FL,Carriage
Direct Cremation,NP20270654,1215475,FL,Carriage
X,NP20270639,1211061,FL,Carriage
X,NP20270632,1208843,VA,Carriage
X,NP20270548,1216875,NM,Carriage
X,NP20270538,1214285,VA,Carriage
Poole Remembrance Burial Sameday,NP20270494,1210290,NC,Carriage
Direct Cremation ,NP20269290,1210477,CA,Carriage
X,NP20270521,1213469,ID,Carriage
X,NP20270513,1213469,ID,Carriage
X,NP20270481,1214682,OK,Carriage
X,NP20270489,1214682,OK,Carriage
Poole Remembrance Burial Sameday,NP20270492,1210290,NC,Carriage
REMEMBRANCE BURIAL,NP20268723,1214745,LA,Carriage
Direct Cremation (Weddington),NP20270484,1214528,NC,Carriage
X,NP20270463,1063864,CA,Carriage
Traditional Burial,NP20270462,1215475,FL,Carriage
X,NP20270456,1063864,CA,Carriage
Traditional Burial,NP20270446,1215475,FL,Carriage
X,NP20270448,1208843,VA,Carriage
X,NP20270404,1208843,VA,Carriage
Direct Cremation Package ,NP20270438,1213815,FL,Carriage
EW Signature Traditional Service ,NP20270424,1216445,VA,Carriage
Direct Cremation Package ,NP20270430,1213815,FL,Carriage
Forwarding of Remains,NP20265122,1214718,FL,Carriage
EW Remembrance Same Day Package ,NP20270327,1216445,VA,Carriage
X,NP20270319,1212198,NC,Carriage
Traditional Cremation Package ,NP20270321,1213815,FL,Carriage
Direct Cremation,NP20270316,1203410,VA,Carriage
Direct Cremation,NP20270317,1203410,VA,Carriage
X,NP20270303,1210619,CA,Carriage
X,NP20270293,1063864,CA,Carriage
X,NP20270290,1063864,CA,Carriage
X,NP20270289,1063864,CA,Carriage
X,NP20270286,1063864,CA,Carriage
Cremation w/services,NP20270282,1207528,CA,Carriage
Cremation with mem service,NP20270280,1208062,CA,Carriage
X,NP20270261,1210619,CA,Carriage
X,NP20270257,1210619,CA,Carriage
Cremation with mem service,NP20270267,1208062,CA,Carriage
X,NP20270254,1216727,OK,Carriage
Direct Cremation,NP20270260,1203410,VA,Carriage
Direct Cremation,NP20270255,1203410,VA,Carriage
Family Farewell w/ Trayview,NP20269526,1211983,CA,Carriage
X,NP20269774,1214285,VA,Carriage
X,NP20270238,1210439,TX,Carriage
Reflection (Weddington),NP20270202,1214528,NC,Carriage
X,NP20270190,1210439,TX,Carriage
basic cremation,NP20270143,1211061,FL,Carriage
X,NP20270141,1207191,NC,Carriage
X,NP20270134,1216875,NM,Carriage
Direct Cremation,NP20269594,1214560,FL,Carriage
Direct Cremation,NP20270046,1214560,FL,Carriage
Direct Cremation Package ,NP20270110,1213815,FL,Carriage
X,NP20270093,1207191,NC,Carriage
Serenity at Funeral Home,NP20270089,1203410,VA,Carriage
EW Direct Cremation ,NP20270082,1216445,VA,Carriage
X,NP20270077,1208843,VA,Carriage
X,NP20270075,1208843,VA,Carriage
Direct Cremation Package ,NP20270033,1213815,FL,Carriage
Solace (Ballantyne),NP20269995,1214528,NC,Carriage
Solace (Ballantyne),NP20269993,1214528,NC,Carriage
X,NP20270005,1018818,CA,Carriage
Direct Cremation,NP20270003,1212311,CA,Carriage
X,NP20269997,1018818,CA,Carriage
X,NP20269999,1018818,CA,Carriage
Signature,NP20269973,1203410,VA,Carriage
Signature,NP20269975,1203410,VA,Carriage
X,NP20269977,1212198,NC,Carriage
X,NP20269971,1212198,NC,Carriage
Direct Cremation Package ,NP20269911,1213815,FL,Carriage
X,NP20269047,1213469,ID,Carriage
X,NP20269814,1213469,ID,Carriage
Poole Remembrance Burial Sameday,NP20269827,1210290,NC,Carriage
Immediate Burial,NP20269819,1203410,VA,Carriage
Serenity at Funeral Home,NP20269868,1203410,VA,Carriage
Serenity at Funeral Home,NP20269864,1203410,VA,Carriage
Serenity at Funeral Home,NP20269866,1203410,VA,Carriage
Remembrance,NP20269876,1203410,VA,Carriage
Direct Cremation Package ,NP20269809,1213815,FL,Carriage
DIRECT CREMATION,NP20269873,1056384,CA,Carriage
DIRECT CREMATION,NP20269859,1056384,CA,Carriage
X,NP20269299,1210619,CA,Carriage
X,NP20267831,1210619,CA,Carriage
X,NP20269801,1208843,VA,Carriage
Simplicity Pkg,NP20269778,1207180,NC,Carriage
Serenity Cremation Package - May 2026,NP20269675,1214750,LA,Carriage
X,NP20269765,1207191,NC,Carriage
Cremation With Memorial Service,NP20269767,1215475,FL,Carriage
X,NP20269636,1213575,ID,Carriage
Remembrance,NP20269748,1203410,VA,Carriage
Remembrance,NP20269749,1203410,VA,Carriage
X,NP20269696,1215873,OK,Carriage
X,NP20269529,1215873,OK,Carriage
X,NP20269698,1215873,OK,Carriage
X,NP20269684,1018818,CA,Carriage
Itemized Burial Sterling Dayton Bustios,NP20269668,1209670,TX,Carriage
Itemized Burial Sterling Dayton Bustios,NP20269618,1209670,TX,Carriage
Itemized Burial Sterling Dayton Bustios,NP20269671,1209670,TX,Carriage
Itemized Burial Sterling Dayton Bustios,NP20269669,1209670,TX,Carriage
CCFH full service burial ,NP20269648,1213514,TX,Carriage
Reflection,NP20269631,1203410,VA,Carriage
Oakmont Memorial -DC,NP20269629,1200676,CA,Carriage
X,NP20269623,1213469,ID,Carriage
X,NP20269600,1216727,OK,Carriage
CCFH Family Farewill,NP20269597,1213514,TX,Carriage
Simple Cremation ,NP20269108,1210466,TX,Carriage
Direct Cremation,NP20269544,1212311,CA,Carriage
X,NP20269524,1206079,CA,Carriage
Solace with Urn & Tray,NP20269519,1216027,TX,Carriage
X,NP20269515,1215873,OK,Carriage
Direct Cremation Package ,NP20269502,1213815,FL,Carriage
X,NP20269496,1211061,FL,Carriage
Direct Cremation 5/1/26,NP20269474,1214750,LA,Carriage
X,NP20269491,1211061,FL,Carriage
X,NP20269481,1208843,VA,Carriage
DIRECT CREMATION NO SERVICES ,NP20269425,1213575,ID,Carriage
Direct Cremation 5/1/26,NP20269463,1214750,LA,Carriage
2025 -B-J Memorial Memories Cremation ,NP20269462,1207772,RI,Carriage
X,NP20267534,1214663,FL,Carriage